Channel;Object Type;Name (SMA Speedwire);Read Level;Group;Value Range / Unit / Set values;Default value;Step Size;Write Level;Grid Guard;SMA Modbus Register Adress;Number of contiguous SMA Modbus Registers;SMA Modbus Data Type;SMA Modbus Data Format;SMA Modbus Access
Nameplate.MacId;Parameter;‒;-;-;-;‒;‒;‒;-;40497;16;STR32;UTF8;RO
Nameplate.PkgRev;Parameter;Software package;;Type Label > Type Label > Software package;0 to 4294967294;‒;1;‒;-;30059;2;U32;FW;RO
Operation.EvtCntUsr;Measured value;Number of events for user;;Status > Operation > Events for user;-;‒;1;‒;-;30559;2;U32;FIX0;RO
Operation.EvtCntUsr;Measured value;Number of events for user;;Status > Operation > Events for user;-;‒;1;‒;-;35377;4;U64;FIX0;RO
Operation.EvtCntIstl;Measured value;Number of events for installer;;Status > Operation > Events for installer;-;‒;1;‒;-;30561;2;U32;FIX0;RO
Operation.EvtCntIstl;Measured value;Number of events for installer;;Status > Operation > Events for installer;-;‒;1;‒;-;35381;4;U64;FIX0;RO
Operation.EvtCntSvc;Measured value;Number of events for service;Svc;Status > Operation > Events for service;-;‒;1;‒;-;30563;2;U32;FIX0;RO
Operation.EvtCntSvc;Measured value;Number of events for service;Svc;Status > Operation > Events for service;-;‒;1;‒;-;35385;4;U64;FIX0;RO
Operation.Evt.Dsc;Measured value;Fault correction measure;;Status > Operation > Current event > Fault correction measure;885: none (NoneDsc);‒;‒;‒;-;30215;2;U32;TAGLIST;RO
Operation.Evt.EvtNo;Measured value;Current event number for manufacturer;;Status > Operation > Current event > Event number manufacturer;;‒;1;‒;-;30247;2;U32;FIX0;RO
Operation.Evt.Msg;Measured value;Message;;Status > Operation > Current event > Message;886: none (NoneMsg);‒;‒;‒;-;30213;2;U32;TAGLIST;RO
Operation.Evt.Prio;Measured value;Recommended action;;Status > Operation > Current event > Recommended action;336: Contact manufacturer (PrioA)337: Contact installer (PrioC)338: invalid (PrioIna)887: none (NonePrio);‒;‒;‒;-;30211;2;U32;TAGLIST;RO
Operation.RmgTms;Measured value;Waiting time until feed-in;;Status > Operation > Waiting time until feed-in;-;‒;1;‒;-;30199;2;U32;Dauer;RO
Operation.Inverter.Health;Measured value;Inverter status;;Status > Operation > Inverter > Condition;35: Fault (Alm)303: Off (Off)307: Ok (Ok)455: Warning (Wrn);‒;‒;‒;-;32385;2;U32;TAGLIST;RO
Operation.Health;Measured value;Condition;;Status > Operation > Condition;35: Fault (Alm)303: Off (Off)307: Ok (Ok)455: Warning (Wrn);‒;‒;‒;-;30201;2;U32;TAGLIST;RO
Operation.HealthStt.Alm;Measured value;Nominal power in Fault Mode;;Status > Operation > Device status > Fault;-;‒;1;‒;-;30207;2;U32;FIX0;RO
Operation.HealthStt.Ok;Measured value;Nominal power in Ok Mode;;Status > Operation > Device status > Ok;-;‒;1;‒;-;30203;2;U32;FIX0;RO
Operation.HealthStt.Ok;Measured value;Nominal power in Ok Mode;;Status > Operation > Device status > Ok;-;‒;1;‒;-;31085;2;U32;FIX0;RO
Operation.HealthStt.Wrn;Measured value;Nominal power in Warning Mode;;Status > Operation > Device status > Warning;-;‒;1;‒;-;30205;2;U32;FIX0;RO
Nameplate.Vendor;Parameter;Manufacturer;;Type Label > Type Label > Manufacturer;461: SMA (SMA);1;‒;‒;-;30055;2;U32;TAGLIST;RO
Sys.DevRstr;Parameter;Initiate device restart;;Device > System > Initiate device restart;1146: Execute (Do);-;‒;;-;40077;2;U32;FUNKTION_SEC;RW 
Upd.AutoUpdIsOn;Parameter;Automatic updates activated;;Device > Update > Automatic update;1129: Yes (Yes)1130: No (No);2;‒;;-;40647;2;U32;TAGLIST;RW 
CntrySettings.Lang;Parameter;Language of the user interface;;Device > Country settings > Language;777: Deutsch (LangDE)778: English (LangEN)779: Italiano (LangIT)780: Español (LangES)781: Français (LangFR)782: Ελληνικά (LangEL)783: 한국어 (LangKO)784: Česky (LangCS)785: Português (LangPT)786: Nederlands (LangNL)796: Slovenski (LangSL)797: Български (LangBG)798: Polski (LangPL)799: 日本語 (LangJA);2;‒;;-;40013;2;U32;TAGLIST;RW 
DtTm.DlSvIsOn;Parameter;Standard/Daylight saving time conversion on;;Device > Time settings > Standard/Daylight Saving Time conversion on;1129: Yes (Yes)1130: No (No);1;‒;;-;40005;2;U32;TAGLIST;RW 
DtTm.TmZn;Parameter;Time zone;;Device > Time settings > Time zone;9499: (UTC-AUTO) Automatic via SMA protocol (TmZnTmSvr);1;‒;;-;40003;2;U32;TAGLIST;RW 
MltFncSw.OpMode;Parameter;Operating mode of multifunction relay;;Device > Multifunction relay > Operating mode;258: Switching status grid relay (GriSwCpy)1341: Fault indication (FltInd)1342: Fan control (FanCtl)1343: Self-consumption (SelfCsmp)1349: Control via communication (ComCtl)1359: Battery bank (BatCha);2;‒;;-;40575;2;U32;TAGLIST;RW 
MltFncSw.OpMode;Parameter;Operating mode of multifunction relay;;Device > Multifunction relay > Operating mode;258: Switching status grid relay (GriSwCpy)1341: Fault indication (FltInd)1342: Fan control (FanCtl)1343: Self-consumption (SelfCsmp)1349: Control via communication (ComCtl)1359: Battery bank (BatCha);2;‒;;-;40577;2;U32;TAGLIST;RW 
MltFncSw.Stt;Measured value;Multifunction relay status;;Device > Multifunction relay > Status;303: Off (Off)308: On (On);‒;‒;‒;-;30875;2;U32;TAGLIST;RO
Spdwr.ActlDnsSrvIp;Measured value;‒;-;-;-;‒;‒;‒;-;31041;8;STR32;UTF8;RO
Spdwr.ActlGwIp;Measured value;‒;-;-;-;‒;‒;‒;-;31033;8;STR32;UTF8;RO
Spdwr.ActlIp;Measured value;‒;-;-;-;‒;‒;‒;-;31017;8;STR32;UTF8;RO
Spdwr.ActlSnetMsk;Measured value;‒;-;-;-;‒;‒;‒;-;31025;8;STR32;UTF8;RO
Spdwr.ComSocA.ConnSpd;Measured value;Connection speed of SMACOM A;;System communication > Speedwire > SMACOM A > Connection speed;302: ------- (None)1720: 10 Mbit/s (ConnSpd10)1721: 100 Mbit/s (ConnSpd100);‒;‒;‒;-;30925;2;U32;TAGLIST;RO
Spdwr.ComSocA.DpxMode;Measured value;Duplex mode of SMACOM A;;System communication > Speedwire > SMACOM A > Duplex mode;302: ------- (None)1726: Half duplex (HalfDpx)1727: Full duplex (FulDpx);‒;‒;‒;-;30927;2;U32;TAGLIST;RO
Spdwr.ComSocA.Stt;Measured value;Speedwire connection status of SMACOM A;;System communication > Speedwire > SMACOM A > Status;35: Fault (Alm)307: Ok (Ok)455: Warning (Wrn)1725: No connection (NotConn);‒;‒;‒;-;30929;2;U32;TAGLIST;RO
Spdwr.ComSocB.ConnSpd;Measured value;Connection speed of SMACOM B;;System communication > Speedwire > SMACOM B > Connection speed;302: ------- (None)1720: 10 Mbit/s (ConnSpd10)1721: 100 Mbit/s (ConnSpd100);‒;‒;‒;-;30931;2;U32;TAGLIST;RO
Spdwr.ComSocB.DpxMode;Measured value;Duplex mode of SMACOM B;;System communication > Speedwire > SMACOM B > Duplex mode;302: ------- (None)1726: Half duplex (HalfDpx)1727: Full duplex (FulDpx);‒;‒;‒;-;30933;2;U32;TAGLIST;RO
Spdwr.ComSocB.Stt;Measured value;Speedwire connection status of SMACOM B;;System communication > Speedwire > SMACOM B > Status;35: Fault (Alm)307: Ok (Ok)455: Warning (Wrn)1725: No connection (NotConn);‒;‒;‒;-;30935;2;U32;TAGLIST;RO
Spdwr.AutoCfgIsOn;Parameter;Automatic speedwire configuration switched on;;System communication > Speedwire > Automatic configuration switched on;1129: Yes (Yes)1130: No (No);1;‒;;-;40157;2;U32;TAGLIST;RW 
Spdwr.Ip;Parameter;‒;-;-;-;‒;‒;;-;40159;8;STR32;IP4;RW 
Spdwr.SnetMsk;Parameter;‒;-;-;-;‒;‒;;-;40167;8;STR32;IP4;RW 
Spdwr.DnsSrvIp;Parameter;‒;-;-;-;‒;‒;;-;40513;8;STR32;IP4;RW 
Spdwr.GwIp;Parameter;‒;-;-;-;‒;‒;;-;40175;8;STR32;IP4;RW 
Env.TmpVal;Measured value;Ambient temperature;;Meteorology > Environment > Temperature;-;‒;0.1;‒;-;34609;2;S32;TEMP;RO
Env.TmpVal;Measured value;Ambient temperature;;Meteorology > Environment > Temperature;-;‒;0.1;‒;-;34625;2;S32;TEMP;RO
Env.TmpVal;Measured value;Ambient temperature;;Meteorology > Environment > Temperature;-;‒;0.1;‒;-;34627;2;S32;TEMP;RO
Env.TmpValMax;Measured value;Highest measured ambient temperature;;Meteorology > Environment > Highest measured temperature;-;‒;0.1;‒;-;34611;2;S32;TEMP;RO
Mdul.TmpVal;Measured value;Module temperature;;Meteorology > PV module > Temperature;-;‒;0.1;‒;-;34621;2;S32;TEMP;RO
Mdul.TmpVal;Measured value;Module temperature;;Meteorology > PV module > Temperature;-;‒;0.1;‒;-;34629;2;S32;TEMP;RO
Mdul.TmpVal;Measured value;Module temperature;;Meteorology > PV module > Temperature;-;‒;0.1;‒;-;34631;2;S32;TEMP;RO
Env.HorWSpd;Measured value;Wind speed;;Meteorology > Environment > Wind speed;-;‒;0.01;‒;-;34615;2;U32;FIX2;RO
Env.HorWSpd;Measured value;Wind speed;;Meteorology > Environment > Wind speed;-;‒;0.01;‒;-;34633;2;U32;FIX2;RO
Env.HorWSpd;Measured value;Wind speed;;Meteorology > Environment > Wind speed;-;‒;0.01;‒;-;34635;2;U32;FIX2;RO
Env.ExInsol;Measured value;Insolation on external sensor;;Meteorology > Environment > Irradiation on external sensor;-;‒;1;‒;-;34623;2;U32;FIX0;RO
Metering.DyWhOut;Measured value;Daily yield;;AC Side > Measured values > Daily yield;-;‒;1;‒;-;30517;4;U64;FIX0;RO
Metering.DyWhOut;Measured value;Daily yield;;AC Side > Measured values > Daily yield;-;‒;1;‒;-;30535;2;U32;FIX0;RO
Metering.DyWhOut;Measured value;Daily yield;;AC Side > Measured values > Daily yield;-;‒;1;‒;-;30537;2;U32;FIX0;RO
Metering.DyWhOut;Measured value;Daily yield;;AC Side > Measured values > Daily yield;-;‒;1;‒;-;30539;2;U32;FIX0;RO
Metering.GridMs.Hz;Measured value;Grid frequency;;AC Side > Measured values > Grid measurements > Grid frequency;-;‒;0.01;‒;-;31447;2;U32;FIX2;RO
Metering.GridMs.A.phsA;Measured value;Grid current phase L1;;AC Side > Measured values > Grid measurements > Phase currents > Phase L1;-;‒;0.001;‒;-;31435;2;S32;FIX3;RO
Metering.GridMs.A.phsB;Measured value;Grid current phase L2;;AC Side > Measured values > Grid measurements > Phase currents > Phase L2;-;‒;0.001;‒;-;31437;2;S32;FIX3;RO
Metering.GridMs.A.phsC;Measured value;Grid current phase L3;;AC Side > Measured values > Grid measurements > Phase currents > Phase L3;-;‒;0.001;‒;-;31439;2;S32;FIX3;RO
Metering.GridMs.PhV.phsA2B;Measured value;Grid voltage phase L1 against L2;;AC Side > Measured values > Grid measurements > Phase voltage > Phase L1 against L2;-;‒;0.01;‒;-;31451;2;U32;FIX2;RO
Metering.GridMs.PhV.phsB2C;Measured value;Grid voltage phase L2 against L3;;AC Side > Measured values > Grid measurements > Phase voltage > Phase L2 against L3;-;‒;0.01;‒;-;31453;2;U32;FIX2;RO
Metering.GridMs.PhV.phsC2A;Measured value;Grid voltage phase L3 against L1;;AC Side > Measured values > Grid measurements > Phase voltage > Phase L3 against L1;-;‒;0.01;‒;-;31449;2;U32;FIX2;RO
Metering.GridMs.PhV.phsA;Measured value;Grid voltage phase L1;;AC Side > Measured values > Grid measurements > Phase voltage > Phase L1;-;‒;0.01;‒;-;31253;2;U32;FIX2;RO
Metering.GridMs.PhV.phsB;Measured value;Grid voltage phase L2;;AC Side > Measured values > Grid measurements > Phase voltage > Phase L2;-;‒;0.01;‒;-;31255;2;U32;FIX2;RO
Metering.GridMs.PhV.phsC;Measured value;Grid voltage phase L3;;AC Side > Measured values > Grid measurements > Phase voltage > Phase L3;-;‒;0.01;‒;-;31257;2;U32;FIX2;RO
Metering.GridMs.W.phsA;Measured value;Power grid feeding L1;;AC Side > Measured values > Grid measurements > Active power > Phase L1;-;‒;1;‒;-;31259;2;U32;FIX0;RO
Metering.GridMs.W.phsB;Measured value;Power grid feeding L2;;AC Side > Measured values > Grid measurements > Active power > Phase L2;-;‒;1;‒;-;31261;2;U32;FIX0;RO
Metering.GridMs.W.phsC;Measured value;Power grid feeding L3;;AC Side > Measured values > Grid measurements > Active power > Phase L3;-;‒;1;‒;-;31263;2;U32;FIX0;RO
Metering.GridMs.WIn.phsA;Measured value;Power drawn from grid phase L1;;AC Side > Measured values > Grid measurements > Active power consumed > Phase L1;-;‒;1;‒;-;31265;2;U32;FIX0;RO
Metering.GridMs.WIn.phsB;Measured value;Power drawn from grid phase L2;;AC Side > Measured values > Grid measurements > Active power consumed > Phase L2;-;‒;1;‒;-;31267;2;U32;FIX0;RO
Metering.GridMs.WIn.phsC;Measured value;Power drawn from grid phase L3;;AC Side > Measured values > Grid measurements > Active power consumed > Phase L3;-;‒;1;‒;-;31269;2;U32;FIX0;RO
Metering.GridMs.VAr.phsA;Measured value;Reactive power grid feeding phase L1;;AC Side > Measured values > Grid measurements > Reactive power > Phase L1;-;‒;1;‒;-;31271;2;S32;FIX0;RO
Metering.GridMs.VAr.phsB;Measured value;Reactive power grid feeding phase L2;;AC Side > Measured values > Grid measurements > Reactive power > Phase L2;-;‒;1;‒;-;31273;2;S32;FIX0;RO
Metering.GridMs.VAr.phsC;Measured value;Reactive power grid feeding phase L3;;AC Side > Measured values > Grid measurements > Reactive power > Phase L3;-;‒;1;‒;-;31275;2;S32;FIX0;RO
Metering.GridMs.TotVAr;Measured value;Reactive power grid feeding;;AC Side > Measured values > Grid measurements > Reactive power;-;‒;1;‒;-;31277;2;S32;FIX0;RO
Metering.GridMs.VA.phsA;Measured value;Apparent power L1;;AC Side > Measured values > Grid measurements > Apparent power > Phase L1;-;‒;1;‒;-;31441;2;S32;FIX0;RO
Metering.GridMs.VA.phsB;Measured value;Apparent power L2;;AC Side > Measured values > Grid measurements > Apparent power > Phase L2;-;‒;1;‒;-;31443;2;S32;FIX0;RO
Metering.GridMs.VA.phsC;Measured value;Apparent power L3;;AC Side > Measured values > Grid measurements > Apparent power > Phase L3;-;‒;1;‒;-;31445;2;S32;FIX0;RO
Metering.GridMs.TotVA;Measured value;Apparent power;;AC Side > Measured values > Grid measurements > Apparent power;-;‒;1;‒;-;31455;2;S32;FIX0;RO
Metering.GridMs.TotPF;Measured value;Displacement power factor;;AC Side > Measured values > Grid measurements > Displacement power factor;-;‒;0.01;‒;-;31433;2;U32;FIX2;RO
Metering.GridMs.TotPFEEI;Measured value;EEI displacement power factor;;AC Side > Measured values > Grid measurements > EEI displacement power factor;-;‒;0.001;‒;-;31499;2;S32;FIX3;RO
Metering.GridMs.TotWOut;Measured value;Power grid feed-in;;AC Side > Measured values > Grid measurements > Supplied power;-;‒;1;‒;-;30867;2;S32;FIX0;RO
Metering.GridMs.TotWOut;Measured value;Power grid feed-in;;AC Side > Measured values > Grid measurements > Supplied power;-;‒;1;‒;-;32341;2;S32;FIX0;RO
Metering.GridMs.TotWhOut;Measured value;Grid feed-in counter reading;;AC Side > Measured values > Grid measurements > Total yield;-;‒;1;‒;-;30583;2;U32;FIX0;RO
Metering.GridMs.TotWIn;Measured value;Power drawn;;AC Side > Measured values > Grid measurements > Power absorbed;-;‒;1;‒;-;30865;2;S32;FIX0;RO
Metering.GridMs.TotWhIn;Measured value;Counter reading of power drawn counter;;AC Side > Measured values > Grid measurements > Absorbed energy;-;‒;1;‒;-;30581;2;U32;FIX0;RO
Inverter.CtlComCfg.CtlMsSrc;Parameter;Source of ref. meas. for reactive/active power reduction;;System and device control > Inverter > System control and fallback behavior > Source of ref. meas. for reactive/active power reduction;3053: SMA Energy Meter (MsSrcMtr)3547: Inverter (MsSrcDev);2;‒;;-;41187;2;U32;TAGLIST;RW 
Inverter.WModCfg.WCtlComCfg.FlbWSpt;Parameter;External active power setpoint specification, fallback value for active power setpoint specification;;System and device control > Inverter > Active power mode > External setting > Fallback value of the active power setpoint specification;−500000 W to +500000 W;0 W;1;;;41215;2;S32;FIX0;RW 
Bat.ChaCtlComAval;Measured value;Control of battery charging via communication available;;Battery > Battery > Control charging via communication available;1129: Yes (Yes)1130: No (No);‒;‒;‒;-;31061;2;U32;TAGLIST;RO
Bat.ChaCtlComAval;Measured value;Control of battery charging via communication available;;Battery > Battery > Control charging via communication available;1129: Yes (Yes)1130: No (No);‒;‒;‒;-;34669;2;U32;TAGLIST;RO
Inverter.WModCfg.WCtlComCfg.WCtlComAct;Sollwert;Eff./reac. pow. contr. via comm.;-;-;802: Active (Act)803: Inactive (Ina);1;‒;;-;40151;2;U32;TAGLIST;WO
Inverter.WModCfg.WCtlComCfg.WCtlComAct;Sollwert;Eff./reac. pow. contr. via comm.;-;-;802: Active (Act)803: Inactive (Ina);1;‒;;-;44427;2;U32;TAGLIST;WO
Inverter.WModCfg.WCtlComCfg.WSpt;Sollwert;Active power setpoint;-;-;-;‒;1;;-;40149;2;S32;FIX0;WO
Inverter.WModCfg.WCtlComCfg.WSpt;Sollwert;Active power setpoint;-;-;-;‒;1;;-;44425;2;S32;FIX0;WO
Operation.CmpBMS.OpStt;Measured value;Operating status;;Battery > Operation > Battery management system > General operating status;71: Interference device (DevFlt)303: Off (Off)388: Operation status (SttOp)1295: Standby (Stdby)2291: Battery standby (BatWait)16777213: Information not available (NaNStt);‒;‒;‒;-;34659;2;U32;TAGLIST;RO
Operation.Bat.Health;Measured value;Battery status;;Status > Operation > Battery > Condition;35: Fault (Alm)303: Off (Off)307: Ok (Ok)455: Warning (Wrn)16777213: Information not available (NaNStt);‒;‒;‒;-;31391;2;U32;TAGLIST;RO
CmpBMS.BatChaWh;Parameter;Charge energy;;Battery > Battery management system > Charge energy;0 Wh to 20000 Wh;0 Wh;1;;-;41363;2;U32;FIX0;RW 
CmpBMS.BatDschWh;Parameter;Discharge energy;;Battery > Battery management system > Discharge energy;0 Wh to 20000 Wh;0 Wh;1;;-;41365;2;U32;FIX0;RW 
CmpBMS.GetBatChaWh;Measured value;Current charging power;;Battery > Battery management system > Current charging power;-;‒;1;‒;-;32201;4;U64;FIX0;RO
CmpBMS.GetBatDschWh;Measured value;Current discharging power;;Battery > Battery management system > Current discharging power;-;‒;1;‒;-;32205;4;U64;FIX0;RO
Bat.ChaVolSptDmd;Measured value;End-of-charge voltage;;Battery > Battery > End-of-charge voltage;-;‒;0.01;‒;-;32239;2;U32;FIX2;RO
Bat.DschVolSptDmd;Measured value;End-of-discharge voltage;;Battery > Battery > End-of-discharge voltage;-;‒;0.01;‒;-;32245;2;U32;FIX2;RO
Bat.ChaAmpSptDmd;Measured value;Maximum charging current;;Battery > Battery > Maximum charging current;-;‒;0.001;‒;-;32251;2;U32;FIX3;RO
Bat.DschAmpSptDmd;Measured value;Maximum discharging current;;Battery > Battery > Maximum discharging current;-;‒;0.001;‒;-;32257;2;U32;FIX3;RO
Bat.Diag.ActlCapacNom;Measured value;Current battery capacity;;Battery > Battery > Diagnosis > Current capacity;-;‒;1;‒;-;30847;2;U32;FIX0;RO
Bat.TmpVal;Measured value;Battery temperature;;Battery > Battery > Temperature;-;‒;0.1;‒;-;30849;2;S32;TEMP;RO
Bat.CapacRtgWh;Parameter;Battery nominal capacity;;Battery > Battery > Rated capacity;0 Wh to 4294967295 Wh;4294967295 Wh;1;‒;-;40187;2;U32;FIX0;RO
Nameplate.CmpBMS.SwRev;Parameter;BMS firmware version;;Device Components > Type Label > Battery management system > Software version;0 to 4294967295;4294967295 ;1;‒;-;31389;2;U32;FW;RO
Inverter.CtlComCfg.AdptCrvReq;Parameter;Apply configuration of curve parameters;;System and device control > Inverter > System control and fallback behavior > Apply curve parameter;0 to 4294967295;0 ;1;;-;41437;2;U32;HIDDEN;RW 
Inverter.CtlComCfg.AdptCrvRsl;Parameter;Result of application of curve parameter configuration;;System and device control > Inverter > System control and fallback behavior > Result of curve parameter application;0 to 4294967295;0 ;1;;-;41439;2;U32;HIDDEN;RW 
Operation.ComRsTms;Measured value;Remaining duration until CP restart;;External Communication > Operation > Remaining duration until CP restart;-;‒;1;‒;-;32405;2;U32;HIDDEN;RO
Mb.SunSpec.VarModDeptRef;Parameter;Dependent reference ;;;;;;;;;;;;
reactive power setpoint;;External Communication > Modbus > SunSpec > Reference value;;;;;;;;;;;;
Reactive power setpoints as a percentage;0 to 4;0 ;1;;-;41457;2;U32;HIDDEN;RW ;;;;
Mb.SunSpec.VoltVarDeptRef;Parameter;Dependent reference;;;;;;;;;;;;
Q(V) reactive power curve point;;External Communication > Modbus > SunSpec > Reference value;;;;;;;;;;;;
Q(V) reactive power characteristics points;0 to 4;0 ;1;;-;41459;2;U32;HIDDEN;RW ;;;;
Mb.SunSpec.WattVarDeptRef;Parameter;Dependent reference;;;;;;;;;;;;
Q(P) reactive power curve point;;External Communication > Modbus > SunSpec > Reference value;;;;;;;;;;;;
Q(P) reactive power characteristics points;0 to 4;0 ;1;;-;41461;2;U32;HIDDEN;RW ;;;;
BatChrg.BatChrg;Measured value;Battery charge;;Battery > Battery charge > Battery charge;-;‒;1;‒;-;31397;4;U64;FIX0;RO
BatDsch.BatDsch;Measured value;Battery discharge;;Battery > Battery discharge > Battery discharge;-;‒;1;‒;-;31401;4;U64;FIX0;RO
Metering.TotWhOut;Measured value;Total yield;;AC Side > Measured values > Total yield;Wh (64 Bit);‒;1;‒;-;30513;4;U64;FIX0;RO
Metering.TotWhOut;Measured value;Total yield;;AC Side > Measured values > Total yield;Wh (32 Bit);‒;1;‒;-;30529;2;U32;FIX0;RO
Metering.TotWhOut;Measured value;Total yield;;AC Side > Measured values > Total yield;kWh (32 Bit);‒;1;‒;-;30531;2;U32;FIX0;RO
Metering.TotWhOut;Measured value;Total yield;;AC Side > Measured values > Total yield;MWh (32 Bit);‒;1;‒;-;30533;2;U32;FIX0;RO
DtTm.TmZn;Parameter;Time zone;;Device > Time settings > Time zone;9500: (UTC+04:30) Kabul (TmZn+0430Kabul)9501: (UTC-09:00) Alaska (TmZn-0900Alaska)9502: (UTC+03:00) Kuwait, Riyardh (TmZn+0300Kuwait)9503: (UTC+04:00) Abu Dhabi, Muskat (TmZn+0400AbuDhabi)9504: (UTC+03:00) Baghdad, Istanbul (TmZn+0300Bagdad)9505: (UTC-04:00) Atlantic (Canada) (TmZn-0400Atlantik)9506: (UTC+09:30) Darwin (TmZn+0930Darwin)9507: (UTC+10:00) Canberra, Melbourne, Sydney (TmZn+1000Canberra)9508: (UTC+04:00) Baku (TmZn+0400Baku)9509: (UTC-01:00) Azores (TmZn-0100Azoren)9510: (UTC-06:00) Saskatchewan (TmZn-0600Saskatchewan)9511: (UTC-01:00) Cape Verde Islands (TmZn-0100Kapverden)9512: (UTC+04:00) Yerevan (TmZn+0400Eriwan)9513: (UTC+09:30) Adelaide (TmZn+0930Adelaide)9515: (UTC+06:00) Astana, Dhaka (TmZn+0600Astana)9516: (UTC-04:00) Manaus (TmZn-0400Manaus)9517: (UTC+01:00) Belgrade, Bratislava, Budapest, Ljubljana, Prague (TmZn+0100Belgrad)9518: (UTC+01:00) Sarajevo, Skopje, Warsaw, Zagreb (TmZn+0100Sarajevo)9519: (UTC+11:00) Magadan, Solomon Islands, New Caledonia (TmZn+1100Magadan)9520: (UTC-06:00) Central America (TmZn-0600Zentralamerika)9522: (UTC+08:00) Peking, Chongqing, Hongkong, Urumchi (TmZn+0800Peking)9523: (UTC-12:00) (Western) International Date Line (TmZn-1200Westen)9524: (UTC+03:00) Nairobi (TmZn+0300Nairobi)9525: (UTC+10:00) Brisbane (TmZn+1000Brisbane)9528: (UTC-05:00) New York, Miami, Atlanta, Detroit, Toronto (TmZn-0500NewYork)9529: (UTC+02:00) Cairo (TmZn+0200Kairo)9530: (UTC+05:00) Jekaterinburg (TmZn+0500Jekaterinburg)9531: (UTC+12:00) Fidschi, Marshall Islands (TmZn+1200Fidschi)9532: (UTC+02:00) Helsinki, Kiev, Riga, Sofia, Tallin, Wilna (TmZn+0200Helsinki)9533: (UTC+04:00) Tiflis (TmZn+0400Tiflis)9534: (UTC) Dublin, Edinburgh, Lisbon, London (TmZn+0000Dublin)9535: (UTC-03:00) Greenland (TmZn-0300Groenland)9536: (UTC) Monrovia, Reykjavík (TmZn+0000Monrovia)9537: (UTC+02:00) Athens, Bucharest, Istanbul (TmZn+0200Athen)9538: (UTC-10:00) Hawaii (TmZn-1000Hawaii)9539: (UTC+05:30) Chennai, Kolkata, Mumbai, New Delhi (TmZn+0530Chennai)9541: (UTC+02:00) Jerusalem (TmZn+0200Jerusalem)9542: (UTC+02:00) Amman (TmZn+0200Amman)9543: (UTC+09:00) Seoul (TmZn+0900Seoul)9544: (UTC+08:00) Kuala Lumpur, Singapore (TmZn+0800KualaLumpur)9545: (UTC-02:00) Central Atlantic (TmZn-0200Mittelatlantik)9546: (UTC+02:00) Beirut (TmZn+0200Beirut)9547: (UTC-07:00) Denver, Salt Lake City, Calgary (TmZn-0700Denver)9549: (UTC+06:30) Yangon (Rangoon) (TmZn+0630Yangon)9551: (UTC+02:00) Windhoek (TmZn+0200Windhuk)9552: (UTC+05:45) Katmandu (TmZn+0545Katmandu)9553: (UTC+12:00) Auckland, Wellington (TmZn+1200Auckland)9554: (UTC-03:30) Newfoundland (TmZn-0330Neufundland)9555: (UTC+08:00) Irkutsk (TmZn+0800Irkutsk)9556: (UTC+07:00) Krasnoyarsk (TmZn+0700Krasnojarsk)9557: (UTC-04:00) Santiago (TmZn-0400Santiago)9558: (UTC-08:00) Pacific (USA, Canada) (TmZn-0800Pacific)9559: (UTC-08:00) Tijuana, Baja California (Mexico) (TmZn-0800Tijuana)9560: (UTC+01:00) Brussels, Copenhagen, Madrid, Paris (TmZn+0100Bruessel)9561: (UTC+03:00) Moskow, St. Petersburg, Volgograd (TmZn+0300Moskau)9562: (UTC-03:00) Buenos Aires, Santiago (TmZn-0300BuenosAires)9563: (UTC-05:00) Bogotá, Lima, Quito (TmZn-0500Bogota)9565: (UTC-11:00) Midway Islands, Samoa (TmZn-1100Midway)9566: (UTC+07:00) Bangkok, Hanoi, Jakarta (TmZn+0700Bangkok)9567: (UTC+02:00) Harare, Pretoria (TmZn+0200Harare)9568: (UTC+05:30) Sri Jayawardenepura (TmZn+0530SriJayawardenepura)9569: (UTC+08:00) Taipeh (TmZn+0800Taipeh)9570: (UTC+10:00) Hobart (TmZn+1000Hobart)9571: (UTC+09:00) Osaka, Sapporo, Tokyo (TmZn+0900Osaka)9572: (UTC+13:00) Nuku'alofa (TmZn+1300Nukualofa)9573: (UTC-05:00) Indiana (East) (TmZn-0500Indiana)9574: (UTC-07:00) Arizona (TmZn-0700Arizona)9575: (UTC+10:00) Vladivostok, Magadan (TmZn+1000Wladiwostok)9576: (UTC+08:00) Perth (TmZn+0800Perth)9577: (UTC+01:00) West.Centr.Africa (TmZn+0100WestZentralafrika)9578: (UTC+01:00) Amsterdam, Berlin, Bern, Rome, Stockholm, Vienna (TmZn+0100Amsterdam)9579: (UTC+05:00) Islamabad, Karatschi (TmZn+0500Islamabad)9580: (UTC+10:00) Guam, Port Moresby (TmZn+1000Guam)9581: (UTC+09:00) Yakutsk (TmZn+0900Jakutsk)9582: (UTC+04:00) Caucasian Standard Time (TmZn+0400Kaukasus)9583: (UTC-06:00) Chicago, Dallas, Kansas City, Winnipeg (TmZn-0600Chicago)9584: (UTC-06:00) Guadalajara, Mexico City, Monterrey - new (TmZn-0600GuadalajaraNeu)9586: (UTC+04:00) Port Louis (TmZn+0400PortLouis)9587: (UTC-07:00) Chihuahua, La Paz, Mazatlan - new (TmZn-0700ChihuahuaNeu)9588: (UTC-03:00) Montevideo (TmZn-0300Montevideo)9589: (UTC+05:00) Taschkent (TmZn+0500Taschkent)9591: (UTC-04:00) Georgetown, La Paz, San Juan (TmZn-0400LaPaz)9592: (UTC+08:00) Ulan-Bator (TmZn+0800UlanBator)9593: (UTC-03:00) Cayenne (TmZn-0300Cayenne)9594: (UTC-04:00) Asuncion (TmZn-0400Asuncion)9595: (UTC+12:00) Petropavlovsk-Kamtschatski (TmZn+1200Petropawlowsk)9596: (UTC+03:00) Minsk (TmZn+0300Minsk)9597: (UTC+07:00) Novosibirsk (TmZn+0700Nowosibirsk)9598: (UTC-04:00) Caracas (TmZn-0400Caracas);1;‒;;-;40003;2;U32;TAGLIST;RW 
Bat.Amp;Measured value;Battery current;;Battery > Battery > Current;-;‒;0.001;‒;-;30843;2;S32;FIX3;RO
Bat.CapacRtgWh;Parameter;Battery nominal capacity;;Battery > Battery > Rated capacity;0 Wh to 4294967295 Wh;4294967295 Wh;1;‒;-;40187;2;U32;FIX0;RO
Bat.ChaStt;Measured value;Current battery state of charge;;Battery > Battery > State of charge;-;‒;1;‒;-;30845;2;U32;FIX0;RO
Bat.Diag.ActlCapacNom;Measured value;Current battery capacity;;Battery > Battery > Diagnosis > Current capacity;-;‒;1;‒;-;30847;2;U32;FIX0;RO
Bat.OpStt;Measured value;Battery oper. status;;Battery > Battery > General operating status;303: Off (Off)2291: Battery standby (BatWait)3664: Emergency charge mode (EmgCha)2292: Charge battery (BatChaStt)2293: Discharge battery (BatDschStt)16777213: Information not available (NaNStt);‒;‒;‒;-;30955;2;U32;TAGLIST;RO
Bat.TmpVal;Measured value;Battery temperature;;Battery > Battery > Temperature;-;‒;0.1;‒;-;30849;2;S32;TEMP;RO
Bat.ChaAmpSptDmd;Measured value;Maximum charging current;;Battery > Battery > Maximum charging current;-;‒;0.001;‒;-;32251;2;U32;FIX3;RO
Bat.DschAmpSptDmd;Measured value;Maximum discharging current;;Battery > Battery > Maximum discharging current;-;‒;0.001;‒;-;32257;2;U32;FIX3;RO
Bat.Typ;Parameter;Battery type;;Battery > Battery > Type;1785: Lithium-Ion (Li-Ion) (BatTypLiIon);1;‒;;-;40035;2;U32;TAGLIST;RO
Bat.Vol;Measured value;Battery voltage;;Battery > Battery > Voltage;-;‒;0.01;‒;-;30851;2;U32;FIX2;RO
BatChrg.CurBatCha;Measured value;Present battery charge;;Battery > Battery charge > Present battery charge;-;‒;1;‒;-;31393;2;U32;FIX0;RO
BatChrg.ActBatChrg;Measured value;Charge of current battery;;Battery > Battery charge > Charge of current battery;-;‒;1;‒;-;34661;4;U64;FIX0;RO
BatConv.WMaxCha;Parameter;Batt. manuf's max. charge capac.;;Battery > Battery switch > Max. charge capacity;0 W to 10600 W;7500 W;1;‒;-;40189;2;U32;FIX0;RO
BatConv.WMaxDsch;Parameter;Batt. manuf's max. disch. capac.;;Battery > Battery switch > Max. discharge capacity;0 W to 10600 W;6000 W;1;‒;-;40191;2;U32;FIX0;RO
BatDsch.ActBatDsch;Measured value;Battery discharge of current battery;;Battery > Battery discharge > Discharge of current battery;-;‒;1;‒;-;34665;4;U64;FIX0;RO
BatDsch.CurBatDsch;Measured value;Present battery discharge;;Battery > Battery discharge > Present battery discharge;-;‒;1;‒;-;31395;2;U32;FIX0;RO
CmpBMS.BatChaMaxW;Sollwert;Max. battery charge capac.;-;-;-;‒;1;;-;40795;2;U32;FIX0;WO
CmpBMS.BatChaMaxW;Sollwert;Max. battery charge capac.;-;-;-;‒;1;;-;44433;2;U32;FIX0;WO
CmpBMS.BatDschMaxW;Sollwert;Max. battery discharge capac.;-;-;-;‒;1;;-;40799;2;U32;FIX0;WO
CmpBMS.BatDschMaxW;Sollwert;Max. battery discharge capac.;-;-;-;‒;1;;-;44437;2;U32;FIX0;WO
BatUsDm.BckDmMin;Parameter;Minimum width of backup power area;;Battery > Areas of application > Minimum width of backup power area;0 % to 100 %;0 %;1;;-;40723;2;U32;FIX0;RW 
BatUsDm.DschProDmMin;Parameter;Minimum width of deep discharge protection area;;Battery > Areas of application > Minimum width of deep discharge protection area;1 % to 50 %;1 %;1;;-;40721;2;U32;FIX0;RW 
SelfCsmp.BatChaSttMin;Parameter;Lower discharge limit for self-consumption increase;;Device > Self-consumption > Lower battery discharge limit;0 % to 100 %;0 %;1;;-;40073;2;U32;FIX0;RW 
BatUsDm.Stt;Measured value;Status battery application area;;Battery > Areas of application > Status;2614: Self-consumption area (SelfCsmpDm)2615: State of charge conservation area (ChaSttDm)2616: Backup power area (BckDm)2617: Deep discharge protection area (DschProDm)2618: Deep discharge area (ExhDschDm)16777213: Information not available (NaNStt);‒;‒;‒;-;31057;2;U32;TAGLIST;RO
Coolsys.Cab.TmpVal;Measured value;Internal temperature;Svc;Device > Cooling system > Interior > Temperature;-;‒;0.1;‒;-;30953;2;S32;TEMP;RO
Coolsys.Cab.TmpVal;Measured value;Internal temperature;Svc;Device > Cooling system > Interior > Temperature;-;‒;0.1;‒;-;34113;2;S32;TEMP;RO
DcMs.Amp;Measured value;DC current input;;DC Side > DC measurements > Current;-;‒;0.001;‒;-;30769;2;S32;FIX3;RO
DcMs.Amp;Measured value;DC current input;;DC Side > DC measurements > Current;-;‒;0.001;‒;-;30957;2;S32;FIX3;RO
DcMs.Amp;Measured value;DC current input;;DC Side > DC measurements > Current;-;‒;0.001;‒;-;31793;2;S32;FIX3;RO
DcMs.Amp;Measured value;DC current input;;DC Side > DC measurements > Current;-;‒;0.001;‒;-;31795;2;S32;FIX3;RO
DcMs.Vol;Measured value;DC voltage input;;DC Side > DC measurements > Voltage;-;‒;0.01;‒;-;30771;2;S32;FIX2;RO
DcMs.Vol;Measured value;DC voltage input;;DC Side > DC measurements > Voltage;-;‒;0.01;‒;-;30959;2;S32;FIX2;RO
DcMs.Watt;Measured value;DC power input;;DC Side > DC measurements > Power;-;‒;1;‒;-;30773;2;S32;FIX0;RO
DcMs.Watt;Measured value;DC power input;;DC Side > DC measurements > Power;-;‒;1;‒;-;30961;2;S32;FIX0;RO
GridGuard.Cntry;Measured value;Country standard set;;Grid Monitoring > Grid monitoring > Country standard;27: Special setting (Adj)333: [GR] PPC (PPC)438: [DE] VDE0126-1-1 (VDE0126-1-1)1199: [CZ] PPDS (PPDS)7538: [IL] SI4777_HS131_13 (SI4777_HS131_13)7539: [ES] RD1699/413 (RD1699/413)7549: [AU] AS4777.2_2015 (AS4777.2_2015)7550: [ZA] NRS 097-2-1 (NRS97-2-1)7551: [CL] NT_Ley20571 (NT_Ley2057)7556: [TH] MEA2016 (MEA2016)7557: [TH] PEA2016 (PEA2016)7565: [BR] ABNT NBR 16149:2013 (ABNT_NBR_16149_2013)7584: [DE] VDE-AR-N4105:2018 Generators > 4.6 kVA (VDEARN4105/18a)7590: [EU] EN50549-1:2018 LV (EN50549-1/18)7592: SMA Default 2019 50Hz (DftSMA/19)7594: [UK] ENA-EREC-G98/1:2018 (ENA-G98/1/18)7595: [UK] ENA-EREC-G99/1:2018 (ENA-G99/1/18)7599: [DK] Dansk Energi DK1:2019 LV (DK1-West/19)7600: [DK] Dansk Energi DK2:2019 LV (DK2-East/19)7602: [BE] Synergrid C10/11:2019 LV Generators int. Decoup. Protection Device (BE-C10/11/19-09 PV_a)7603: [BE] Synergrid C10/11:2019 LV Generators ext. Decoup. Protection Device (BE-C10/11/19-09 PV_b)7610: [IT] CEI0-21:2019 System ≤11.08 kW int. Decoup. Protection Device (IT-CEI0-21/19_a)7612: [IT] CEI0-21:2019 System >11.08 kW ext. Decoup. Protection Device (IT-CEI0-21/19_c)7615: [AT] TOR Generator Type A V1.0:2019 (AT-TOR-Erzeuger-A/19_b)7618: [FR] VFR:2019 (VFR2019)7620: [IN] IEC 61727 (IEC61727_IN)7623: [FI] VJV:2018 (VJV2018)7636: [CH] NA/EEA-NE7:2020 generator ≤ 250 kW (NA-EEA-NE7_1)7637: [CH] NA/EEA-NE7:2020 battery-storage system ≤ 250 kW (NA-EEA-NE7_1a)7658: [PL] PN-EN 50549-1_2019 (PN-EN_50549-1_2019)7659: [PL] PN-EN 50549-1_2019_1ph (PN-EN_50549-1_2019_1ph)7660: [PL] PN-EN 50549-2_2019 (PN-EN_50549-2_2019)7661: [AU] AS/NZS 4777.2:2020 Generator Region A  (AS-NZS-4777-2_1)7662: [AU] AS/NZS 4777.2:2020 Generator Region B (AS-NZS-4777-2_1a)7663: [AU] AS/NZS 4777.2:2020 Generator Region C (AS-NZS-4777-2_1b)7664: [AU] AS/NZS 4777.2:2020 Generator Region NZ (AS-NZS-4777-2_1c)7665: [AU] AS/NZS 4777.2:2020 Storage Region A (AS-NZS-4777-2_1d)7666: [AU] AS/NZS 4777.2:2020 Storage Region B (AS-NZS-4777-2_1e)7667: [AU] AS/NZS 4777.2:2020 Storage Region C (AS-NZS-4777-2_1f)7668: [AU] AS/NZS 4777.2:2020 Storage Region NZ (AS-NZS-4777-2_1g)7671: [SE] EIFS-2018:2 Generator Type A 16777213: Information not available (NaNStt);‒;‒;‒;-;40109;2;U32;TAGLIST;RO
GridGuard.Cntry.HzRtg;Parameter;Nominal frequency;;Grid Monitoring > Grid monitoring > Country standard > Nominal frequency;45 Hz to 55 Hz;50 Hz;0.01;;;40135;2;U32;FIX2;RW 
GridGuard.Cntry.LeakRisMin;Parameter;Minimum insulation resistance;;Grid Monitoring > Grid monitoring > Country standard > Minimum insulation resistance;"20000 &#8486; to 3000000 &#8486;";100000 Ω;1;;;41169;2;U32;FIX0;RW 
Inverter.WGraConn;Parameter;Soft start-up rate P;;System and device control > Inverter > Soft start-up rate P;3 %/min to 6000 %/min;1200 %/min;1;;;44001;2;U32;FIX0;RW 
GridGuard.Cntry.GriStrTms;Parameter;Reconnection time upon restart;;Grid Monitoring > Grid monitoring > Country standard > Reconnection time upon restart;10 s to 900 s;10 s;0.001;;;44009;2;U32;FIX3;RW 
Inverter.WGraRecon;Parameter;Reconnect gradient after grid fault;;System and device control > Inverter > Power gradient for reconnection after grid fault;5 %/min to 6000 %/min;10 %/min;1;;;44011;2;U32;FIX0;RW 
Inverter.WGraReconEna;Parameter;Soft start-up P after grid fault;;System and device control > Inverter > Soft start-up P after grid fault;303: Off (Off)308: On (On);1;‒;;;44013;2;U32;TAGLIST;RW 
GridGuard.Cntry.GriFltMonTms;Parameter;Reconnection time after grid fault;;Grid Monitoring > Grid monitoring > Country standard > Reconnection time after grid fault;0 s to 3600 s;20 s;0.001;;;44015;2;U32;FIX3;RW 
GridGuard.Cntry.VolCtl.MaxPu;Parameter;Voltage monitoring, upper maximum threshold;;Grid Monitoring > Grid monitoring > Country standard > Voltage monitoring > Upper maximum threshold;1 p.u. to 2 p.u.;2 p,u,;0.001;;;44297;2;U32;FIX3;RW 
GridGuard.Cntry.VolCtl.MaxPuTmms;Parameter;Voltage monitoring, upper max. threshold trip. time;;Grid Monitoring > Grid monitoring > Country standard > Voltage monitoring > Upper maximum threshold tripping time;0 ms to 1000000 ms;100000 ms;1;;;44303;2;U32;FIX0;RW 
GridGuard.Cntry.VolCtl.hhLimPu;Parameter;Voltage monitoring, median maximum threshold;;Grid Monitoring > Grid monitoring > Country standard > Voltage monitoring > Median maximum threshold;1 p.u. to 2 p.u.;2 p,u,;0.001;;;44299;2;U32;FIX3;RW 
GridGuard.Cntry.VolCtl.hhLimTmms;Parameter;Voltage monitoring, median max. threshold trip.time;;Grid Monitoring > Grid monitoring > Country standard > Voltage monitoring > Median maximum threshold tripping time;0 ms to 1000000 ms;100000 ms;1;;;40450;2;U32;FIX0;RW 
GridGuard.Cntry.VolCtl.hLimPu;Parameter;Voltage monitoring, lower maximum threshold;;Grid Monitoring > Grid monitoring > Country standard > Voltage monitoring > Lower maximum threshold;1 p.u. to 2 p.u.;1.250000 p,u,;0.001;;;44301;2;U32;FIX3;RW 
GridGuard.Cntry.VolCtl.hLimTmms;Parameter;Voltage monitoring, lower max. threshold trip. time;;Grid Monitoring > Grid monitoring > Country standard > Voltage monitoring > Lower maximum threshold tripping time;0 ms to 1000000 ms;100 ms;1;;;40456;2;U32;FIX0;RW 
GridGuard.Cntry.VolCtl.lLimPu;Parameter;Voltage monitoring, upper minimum threshold;;Grid Monitoring > Grid monitoring > Country standard > Voltage monitoring > Upper minimum threshold;0,200000 p.u. to 1 p.u.;0.800000 p,u,;0.001;;;44309;2;U32;FIX3;RW 
GridGuard.Cntry.VolCtl.lLimTmms;Parameter;Voltage monitoring, lower min. threshold trip. time;;Grid Monitoring > Grid monitoring > Country standard > Voltage monitoring > Upper minimum threshold tripping time;0 ms to 1000000 ms;3000 ms;1;;;40462;2;U32;FIX0;RW 
GridGuard.Cntry.VolCtl.llLimPu;Parameter;Voltage monitoring, median minimum threshold;;Grid Monitoring > Grid monitoring > Country standard > Voltage monitoring > Median minimum threshold;0,15 p.u. to 1 p.u.;0.200000 p,u,;0.001;;;44307;2;U32;FIX3;RW 
GridGuard.Cntry.VolCtl.llLimTmms;Parameter;Voltage monitoring, median min. threshold trip.time;;Grid Monitoring > Grid monitoring > Country standard > Voltage monitoring > Median minimum threshold tripping time;0 ms to 1000000 ms;10000 ms;1;;;40466;2;U32;FIX0;RW 
GridGuard.Cntry.VolCtl.MinPu;Parameter;Voltage monitoring, lower minimum threshold;;Grid Monitoring > Grid monitoring > Country standard > Voltage monitoring > Lower minimum threshold;0,200000 p.u. to 1 p.u.;0.200000 p,u,;0.001;;;44305;2;U32;FIX3;RW 
GridGuard.Cntry.VolCtl.MinTmms;Parameter;Voltage monitoring, lower min. threshold trip. time;;Grid Monitoring > Grid monitoring > Country standard > Voltage monitoring > Lower minimum threshold tripping time;0 ms to 1000000 ms;100000 ms;1;;;40468;2;U32;FIX0;RW 
GridGuard.Cntry.VolCtl.ReconMaxPu;Parameter;Max. voltage for reconnection;;Grid Monitoring > Grid monitoring > Country standard > Voltage monitoring > Max. voltage for reconnection;1 p.u. to 2 p.u.;1.100000 p,u,;0.001;;;44311;2;U32;FIX3;RW 
GridGuard.Cntry.VolCtl.ReconMinPu;Parameter;Min. voltage for reconnection;;Grid Monitoring > Grid monitoring > Country standard > Voltage monitoring > Min. voltage for reconnection;0 p.u. to 1 p.u.;0.850000 p,u,;0.001;;;44313;2;U32;FIX3;RW 
GridGuard.CntrySet;Parameter;Set country standard;;Grid Monitoring > Grid monitoring > Set country standard;333: [GR] PPC (PPC)438: [DE] VDE0126-1-1 (VDE0126-1-1);-;‒;;;41121;2;U32;FUNKTION_SEC;RW 
GridGuard.Cntry.FrqCtl.hLim;Parameter;Frequency monitoring, lower maximum threshold;;Grid Monitoring > Grid monitoring > Country standard > Frequency monitoring > Lower maximum threshold;50,01 Hz to 55 Hz;50.5 Hz;0.01;;;40432;2;U32;FIX2;RW 
GridGuard.Cntry.FrqCtl.hLimTmms;Parameter;Frequency monitoring, lower max. threshold trip. time;;Grid Monitoring > Grid monitoring > Country standard > Frequency monitoring > Lower maximum threshold tripping time;0 ms to 600000 ms;160 ms;1;;;40434;2;U32;FIX0;RW 
GridGuard.Cntry.FrqCtl.hhLim;Parameter;Frequency monitoring median maximum threshold;;Grid Monitoring > Grid monitoring > Country standard > Frequency monitoring > Median maximum threshold;50,01 Hz to 55 Hz;50.5 Hz;0.01;;;40428;2;U32;FIX2;RW 
GridGuard.Cntry.FrqCtl.hhLimTmms;Parameter;Frq. monitoring median max. threshold trip. time;;Grid Monitoring > Grid monitoring > Country standard > Frequency monitoring > Median maximum threshold tripping time;0 ms to 600000 ms;10000 ms;1;;;40430;2;U32;FIX0;RW 
GridGuard.Cntry.FrqCtl.Max;Parameter;Frequency monitoring upper maximum threshold;;Grid Monitoring > Grid monitoring > Country standard > Frequency monitoring > Upper maximum threshold;50,01 Hz to 55 Hz;50.5 Hz;0.01;;;40103;2;U32;FIX2;RW 
GridGuard.Cntry.FrqCtl.MaxTmms;Parameter;Frequency monitoring upper max. threshold trip. time;;Grid Monitoring > Grid monitoring > Country standard > Frequency monitoring > Upper maximum threshold tripping time;0 ms to 600000 ms;160 ms;1;;;40426;2;U32;FIX0;RW 
GridGuard.Cntry.FrqCtl.Min;Parameter;Frequency monitoring, lower minimum threshold;;Grid Monitoring > Grid monitoring > Country standard > Frequency monitoring > Lower minimum threshold;45 Hz to 49,96 Hz;47.5 Hz;0.01;;;40101;2;U32;FIX2;RW 
GridGuard.Cntry.FrqCtl.MinTmms;Parameter;Frequency monitoring, lower min. threshold trip. time;;Grid Monitoring > Grid monitoring > Country standard > Frequency monitoring > Lower minimum threshold tripping time;0 ms to 600000 ms;44 ms;1;;;40444;2;U32;FIX0;RW 
GridGuard.Cntry.FrqCtl.llLim;Parameter;Frequency monitoring median minimum threshold;;Grid Monitoring > Grid monitoring > Country standard > Frequency monitoring > Median minimum threshold;45 Hz to 49,96 Hz;47.5 Hz;0.01;;;40440;2;U32;FIX2;RW 
GridGuard.Cntry.FrqCtl.llLimTmms;Parameter;Frq. monitoring median min. threshold trip. time;;Grid Monitoring > Grid monitoring > Country standard > Frequency monitoring > Median minimum threshold tripping time;0 ms to 600000 ms;160 ms;1;;;40442;2;U32;FIX0;RW 
GridGuard.Cntry.FrqCtl.lLim;Parameter;Frequency monitoring upper minimum threshold;;Grid Monitoring > Grid monitoring > Country standard > Frequency monitoring > Upper minimum threshold;45 Hz to 49,96 Hz;47.5 Hz;0.01;;;40436;2;U32;FIX2;RW 
GridGuard.Cntry.FrqCtl.lLimTmms;Parameter;Frequency monitoring, upper min. threshold trip. time;;Grid Monitoring > Grid monitoring > Country standard > Frequency monitoring > Upper minimum threshold tripping time;0 ms to 600000 ms;160 ms;1;;;40438;2;U32;FIX0;RW 
GridGuard.Cntry.FrqCtl.ReconMin;Parameter;Minimum switching frequency;;Grid Monitoring > Grid monitoring > Country standard > Frequency monitoring > Lower reconnection limit;44,0 Hz to 50 Hz;44 Hz;0.01;;;41127;2;U32;FIX2;RW 
GridGuard.Cntry.FrqCtl.ReconMax;Parameter;Maximum switching frequency;;Grid Monitoring > Grid monitoring > Country standard > Frequency monitoring > Upper reconnection limit;50,0 Hz to 55 Hz;55 Hz;0.01;;;41129;2;U32;FIX2;RW 
GridMs.A.phsA;Measured value;Grid current phase L1;;AC Side > Grid measurements > Phase currents > Phase L1;-;‒;0.001;‒;-;30977;2;S32;FIX3;RO
GridMs.A.phsB;Measured value;Grid current phase L2;;AC Side > Grid measurements > Phase currents > Phase L2;-;‒;0.001;‒;-;30979;2;S32;FIX3;RO
GridMs.A.phsC;Measured value;Grid current phase L3;;AC Side > Grid measurements > Phase currents > Phase L3;-;‒;0.001;‒;-;30981;2;S32;FIX3;RO
GridMs.Hz;Measured value;Grid frequency;;AC Side > Grid measurements > Grid frequency;-;‒;0.01;‒;-;30803;2;U32;FIX2;RO
GridMs.PhV.phsA;Measured value;Grid voltage phase L1;;AC Side > Grid measurements > Phase voltage > Phase L1;-;‒;0.01;‒;-;30783;2;U32;FIX2;RO
GridMs.PhV.phsA2B;Measured value;Grid voltage phase L1 against L2;;AC Side > Grid measurements > Phase voltage > Phase L1 against L2;-;‒;0.01;‒;-;30789;2;U32;FIX2;RO
GridMs.PhV.phsB;Measured value;Grid voltage phase L2;;AC Side > Grid measurements > Phase voltage > Phase L2;-;‒;0.01;‒;-;30785;2;U32;FIX2;RO
GridMs.PhV.phsB2C;Measured value;Grid voltage phase L2 against L3;;AC Side > Grid measurements > Phase voltage > Phase L2 against L3;-;‒;0.01;‒;-;30791;2;U32;FIX2;RO
GridMs.PhV.phsC;Measured value;Grid voltage phase L3;;AC Side > Grid measurements > Phase voltage > Phase L3;-;‒;0.01;‒;-;30787;2;U32;FIX2;RO
GridMs.PhV.phsC2A;Measured value;Grid voltage phase L3 against L1;;AC Side > Grid measurements > Phase voltage > Phase L3 against L1;-;‒;0.01;‒;-;30793;2;U32;FIX2;RO
GridMs.TotA;Measured value;Grid current;;AC Side > Grid measurements > Phase total Current;-;‒;0.001;‒;-;30795;2;U32;FIX3;RO
GridMs.TotPFEEI;Measured value;EEI displacement power factor;;AC Side > Grid measurements > EEI displacement power factor;-;‒;0.001;‒;-;31221;2;S32;FIX3;RO
GridMs.TotPFPrc;Measured value;Displacement power factor;;AC Side > Grid measurements > Displacement power factor;-;‒;0.001;‒;-;30949;2;U32;FIX3;RO
GridMs.TotVA;Measured value;Apparent power;;AC Side > Grid measurements > Apparent power;-;‒;1;‒;-;30813;2;S32;FIX0;RO
GridMs.TotVAr;Measured value;Reactive power;;AC Side > Grid measurements > Reactive power;-;‒;1;‒;-;31497;2;S32;FIX0;RO
GridMs.TotW;Measured value;Power;;AC Side > Grid measurements > Power;-;‒;1;‒;-;30775;2;S32;FIX0;RO
GridMs.VA.phsA;Measured value;Apparent power L1;;AC Side > Grid measurements > Apparent power > Phase L1;-;‒;1;‒;-;30815;2;S32;FIX0;RO
GridMs.VA.phsB;Measured value;Apparent power L2;;AC Side > Grid measurements > Apparent power > Phase L2;-;‒;1;‒;-;30817;2;S32;FIX0;RO
GridMs.VA.phsC;Measured value;Apparent power L3;;AC Side > Grid measurements > Apparent power > Phase L3;-;‒;1;‒;-;30819;2;S32;FIX0;RO
GridMs.VAr.phsA;Measured value;Reactive power L1;;AC Side > Grid measurements > Reactive power > Phase L1;-;‒;1;‒;-;30807;2;S32;FIX0;RO
GridMs.VAr.phsB;Measured value;Reactive power L2;;AC Side > Grid measurements > Reactive power > Phase L2;-;‒;1;‒;-;30809;2;S32;FIX0;RO
GridMs.VAr.phsC;Measured value;Reactive power L3;;AC Side > Grid measurements > Reactive power > Phase L3;-;‒;1;‒;-;30811;2;S32;FIX0;RO
GridMs.W.phsA;Measured value;Power L1;;AC Side > Grid measurements > Active power > Phase L1;-;‒;1;‒;-;30777;2;S32;FIX0;RO
GridMs.W.phsB;Measured value;Power L2;;AC Side > Grid measurements > Active power > Phase L2;-;‒;1;‒;-;30779;2;S32;FIX0;RO
GridMs.W.phsC;Measured value;Power L3;;AC Side > Grid measurements > Active power > Phase L3;-;‒;1;‒;-;30781;2;S32;FIX0;RO
Inverter.DGSModCfg.HystVolNom;Parameter;Hysteresis voltage, dynamic grid support configuration;;System and device control > Inverter > Dynamic grid support > Hysteresis voltage;0 % to 100 %;5 %;1;;;40997;2;U32;FIX0;RW 
Inverter.DGSModCfg.PwrCirInopTms;Parameter;PWM inversion delay, dynamic grid support configuration;;System and device control > Inverter > Dynamic grid support > PWM inversion delay at undervoltage;0 s to 5 s;0 s;0.01;;;40258;2;U32;FIX2;RW 
Inverter.DGSModCfg.PwrCirInopVolNom;Parameter;PWM inverse voltage, dynamic grid support configuration;;System and device control > Inverter > Dynamic grid support > PWM inverse voltage at undervoltage;0 % to 100 %;70 %;1;;;40256;2;U32;FIX0;RW 
Inverter.FstStop;Sollwert;Fast shut-down;-;-;381: Stop (Stop)1467: Start (Str);1;‒;;-;40018;2;U32;TAGLIST;WO
Inverter.FstStop;Sollwert;Fast shut-down;;-;381: Stop (Stop)1467: Start (Str);1;‒;;-;41253;2;U32;TAGLIST;RW
Inverter.PFLimQ1;Parameter;Minimum achievable cos(phi) quadrant 1;;Device > Inverter > Minimum achievable cos(phi) quadrant 1;0,8 to 1;0.8 ;0.001;‒;-;41009;2;S32;FIX3;RO
Inverter.PFLimQ4;Parameter;Minimum achievable cos(phi) quadrant 4;;Device > Inverter > Minimum achievable cos(phi) quadrant 4;0,8 to 1;0.8 ;0.001;‒;-;41015;2;S32;FIX3;RO
Inverter.PlntCtl.VRef;Parameter;Grid nominal voltage;;AC Side > Inverter > PV system control > Nominal system voltage;80 V to 245 V;120 V;1;;;40472;2;U32;FIX0;RW 
Inverter.PlntCtl.VRefOfs;Parameter;Reference correction voltage, PV system control;;AC Side > Inverter > PV system control > Reference correction voltage;−20 V to +20 V;0 V;1;;;40474;2;S32;FIX0;RW 
Inverter.WModCfg.WCtlVolCfg.Crv.XVal;Parameter;P(V), voltage value;;System and device control > Inverter > Active power mode > Voltage-dependent active power adjustment P(V) > Characteristic > X value;0,8 p.u. to 1,4 p.u.;1 p,u,;0.001;;;44051;2;U32;FIX3;RW 
Inverter.WModCfg.WCtlVolCfg.Crv.XVal;Parameter;P(V), voltage value;;System and device control > Inverter > Active power mode > Voltage-dependent active power adjustment P(V) > Characteristic > X value;0,8 p.u. to 1,4 p.u.;1 p,u,;0.001;;;44053;2;U32;FIX3;RW 
Inverter.WModCfg.WCtlVolCfg.Crv.XVal;Parameter;P(V), voltage value;;System and device control > Inverter > Active power mode > Voltage-dependent active power adjustment P(V) > Characteristic > X value;0,8 p.u. to 1,4 p.u.;1 p,u,;0.001;;;44055;2;U32;FIX3;RW 
Inverter.WModCfg.WCtlVolCfg.Crv.XVal;Parameter;P(V), voltage value;;System and device control > Inverter > Active power mode > Voltage-dependent active power adjustment P(V) > Characteristic > X value;0,8 p.u. to 1,4 p.u.;1 p,u,;0.001;;;44057;2;U32;FIX3;RW 
Inverter.WModCfg.WCtlVolCfg.Crv.XVal;Parameter;P(V), voltage value;;System and device control > Inverter > Active power mode > Voltage-dependent active power adjustment P(V) > Characteristic > X value;0,8 p.u. to 1,4 p.u.;1 p,u,;0.001;;;44059;2;U32;FIX3;RW 
Inverter.WModCfg.WCtlVolCfg.Crv.XVal;Parameter;P(V), voltage value;;System and device control > Inverter > Active power mode > Voltage-dependent active power adjustment P(V) > Characteristic > X value;0,8 p.u. to 1,4 p.u.;1 p,u,;0.001;;;44061;2;U32;FIX3;RW 
Inverter.WModCfg.WCtlVolCfg.Crv.XVal;Parameter;P(V), voltage value;;System and device control > Inverter > Active power mode > Voltage-dependent active power adjustment P(V) > Characteristic > X value;0,8 p.u. to 1,4 p.u.;1 p,u,;0.001;;;44063;2;U32;FIX3;RW 
Inverter.WModCfg.WCtlVolCfg.Crv.XVal;Parameter;P(V), voltage value;;System and device control > Inverter > Active power mode > Voltage-dependent active power adjustment P(V) > Characteristic > X value;0,8 p.u. to 1,4 p.u.;1 p,u,;0.001;;;44065;2;U32;FIX3;RW 
Inverter.WModCfg.WCtlVolCfg.Crv.YVal;Parameter;P(V), active power value;;System and device control > Inverter > Active power mode > Voltage-dependent active power adjustment P(V) > Characteristic > Y value;0 % to 100 %;100 %;0.001;;;44067;2;S32;FIX3;RW 
Inverter.WModCfg.WCtlVolCfg.Crv.YVal;Parameter;P(V), active power value;;System and device control > Inverter > Active power mode > Voltage-dependent active power adjustment P(V) > Characteristic > Y value;0 % to 100 %;100 %;0.001;;;44069;2;S32;FIX3;RW 
Inverter.WModCfg.WCtlVolCfg.Crv.YVal;Parameter;P(V), active power value;;System and device control > Inverter > Active power mode > Voltage-dependent active power adjustment P(V) > Characteristic > Y value;0 % to 100 %;100 %;0.001;;;44071;2;S32;FIX3;RW 
Inverter.WModCfg.WCtlVolCfg.Crv.YVal;Parameter;P(V), active power value;;System and device control > Inverter > Active power mode > Voltage-dependent active power adjustment P(V) > Characteristic > Y value;0 % to 100 %;100 %;0.001;;;44073;2;S32;FIX3;RW 
Inverter.WModCfg.WCtlVolCfg.Crv.YVal;Parameter;P(V), active power value;;System and device control > Inverter > Active power mode > Voltage-dependent active power adjustment P(V) > Characteristic > Y value;0 % to 100 %;100 %;0.001;;;44075;2;S32;FIX3;RW 
Inverter.WModCfg.WCtlVolCfg.Crv.YVal;Parameter;P(V), active power value;;System and device control > Inverter > Active power mode > Voltage-dependent active power adjustment P(V) > Characteristic > Y value;0 % to 100 %;100 %;0.001;;;44077;2;S32;FIX3;RW 
Inverter.WModCfg.WCtlVolCfg.Crv.YVal;Parameter;P(V), active power value;;System and device control > Inverter > Active power mode > Voltage-dependent active power adjustment P(V) > Characteristic > Y value;0 % to 100 %;100 %;0.001;;;44079;2;S32;FIX3;RW 
Inverter.WModCfg.WCtlVolCfg.Crv.YVal;Parameter;P(V), active power value;;System and device control > Inverter > Active power mode > Voltage-dependent active power adjustment P(V) > Characteristic > Y value;0 % to 100 %;100 %;0.001;;;44081;2;S32;FIX3;RW 
Inverter.VArModCfg.VArCtlVolCfg.Crv.XVal;Parameter;Q(V), voltage value;;System and device control > Inverter > Reactive power mode > Q(V) characteristic curve > Characteristic > X value;0,8 p.u. to 1,2 p.u.;1 p,u,;0.001;;;41303;2;U32;FIX3;RW 
Inverter.VArModCfg.VArCtlVolCfg.Crv.XVal;Parameter;Q(V), voltage value;;System and device control > Inverter > Reactive power mode > Q(V) characteristic curve > Characteristic > X value;0,8 p.u. to 1,2 p.u.;1 p,u,;0.001;;;41325;2;U32;FIX3;RW 
Inverter.VArModCfg.VArCtlVolCfg.Crv.XVal;Parameter;Q(V), voltage value;;System and device control > Inverter > Reactive power mode > Q(V) characteristic curve > Characteristic > X value;0,8 p.u. to 1,2 p.u.;1 p,u,;0.001;;;41327;2;U32;FIX3;RW 
Inverter.VArModCfg.VArCtlVolCfg.Crv.XVal;Parameter;Q(V), voltage value;;System and device control > Inverter > Reactive power mode > Q(V) characteristic curve > Characteristic > X value;0,8 p.u. to 1,2 p.u.;1 p,u,;0.001;;;41329;2;U32;FIX3;RW 
Inverter.VArModCfg.VArCtlVolCfg.Crv.XVal;Parameter;Q(V), voltage value;;System and device control > Inverter > Reactive power mode > Q(V) characteristic curve > Characteristic > X value;0,8 p.u. to 1,2 p.u.;1 p,u,;0.001;;;41331;2;U32;FIX3;RW 
Inverter.VArModCfg.VArCtlVolCfg.Crv.XVal;Parameter;Q(V), voltage value;;System and device control > Inverter > Reactive power mode > Q(V) characteristic curve > Characteristic > X value;0,8 p.u. to 1,2 p.u.;1 p,u,;0.001;;;41333;2;U32;FIX3;RW 
Inverter.VArModCfg.VArCtlVolCfg.Crv.XVal;Parameter;Q(V), voltage value;;System and device control > Inverter > Reactive power mode > Q(V) characteristic curve > Characteristic > X value;0,8 p.u. to 1,2 p.u.;1 p,u,;0.001;;;41335;2;U32;FIX3;RW 
Inverter.VArModCfg.VArCtlVolCfg.Crv.XVal;Parameter;Q(V), voltage value;;System and device control > Inverter > Reactive power mode > Q(V) characteristic curve > Characteristic > X value;0,8 p.u. to 1,2 p.u.;1 p,u,;0.001;;;41337;2;U32;FIX3;RW 
Inverter.VArModCfg.VArCtlVolCfg.Crv.XVal;Parameter;Q(V), voltage value;;System and device control > Inverter > Reactive power mode > Q(V) characteristic curve > Characteristic > X value;0,8 p.u. to 1,2 p.u.;1 p,u,;0.001;;;41339;2;U32;FIX3;RW 
Inverter.VArModCfg.VArCtlVolCfg.Crv.YVal;Parameter;Q(V), reactive power value;;System and device control > Inverter > Reactive power mode > Q(V) characteristic curve > Characteristic > Y value;−66 % to +66 %;0 %;0.001;;;41305;2;S32;FIX3;RW 
Inverter.VArModCfg.VArCtlVolCfg.Crv.YVal;Parameter;Q(V), reactive power value;;System and device control > Inverter > Reactive power mode > Q(V) characteristic curve > Characteristic > Y value;−66 % to +66 %;0 %;0.001;;;41341;2;S32;FIX3;RW 
Inverter.VArModCfg.VArCtlVolCfg.Crv.YVal;Parameter;Q(V), reactive power value;;System and device control > Inverter > Reactive power mode > Q(V) characteristic curve > Characteristic > Y value;−66 % to +66 %;0 %;0.001;;;41343;2;S32;FIX3;RW 
Inverter.VArModCfg.VArCtlVolCfg.Crv.YVal;Parameter;Q(V), reactive power value;;System and device control > Inverter > Reactive power mode > Q(V) characteristic curve > Characteristic > Y value;−66 % to +66 %;0 %;0.001;;;41345;2;S32;FIX3;RW 
Inverter.VArModCfg.VArCtlVolCfg.Crv.YVal;Parameter;Q(V), reactive power value;;System and device control > Inverter > Reactive power mode > Q(V) characteristic curve > Characteristic > Y value;−66 % to +66 %;0 %;0.001;;;41347;2;S32;FIX3;RW 
Inverter.VArModCfg.VArCtlVolCfg.Crv.YVal;Parameter;Q(V), reactive power value;;System and device control > Inverter > Reactive power mode > Q(V) characteristic curve > Characteristic > Y value;−66 % to +66 %;0 %;0.001;;;41349;2;S32;FIX3;RW 
Inverter.VArModCfg.VArCtlVolCfg.Crv.YVal;Parameter;Q(V), reactive power value;;System and device control > Inverter > Reactive power mode > Q(V) characteristic curve > Characteristic > Y value;−66 % to +66 %;0 %;0.001;;;41351;2;S32;FIX3;RW 
Inverter.VArModCfg.VArCtlVolCfg.Crv.YVal;Parameter;Q(V), reactive power value;;System and device control > Inverter > Reactive power mode > Q(V) characteristic curve > Characteristic > Y value;−66 % to +66 %;0 %;0.001;;;41353;2;S32;FIX3;RW 
Inverter.VArModCfg.VArCtlVolCfg.Crv.YVal;Parameter;Q(V), reactive power value;;System and device control > Inverter > Reactive power mode > Q(V) characteristic curve > Characteristic > Y value;−66 % to +66 %;0 %;0.001;;;41355;2;S32;FIX3;RW 
Inverter.UtilCrvCfg.Crv0.NumPt;Parameter;No. of charac. pt.s to be used;;System and device control > Inverter > Conf. of the grid integr. characteristic curves > Characteristic curve > Number of support points to be used;1 to 8;4 ;1;;;40262;2;U32;FIX0;RW 
Inverter.UtilCrvCfg.CrvPt3.XVal;Parameter;X values charact. curve 3;;System and device control > Inverter > Conf. of the grid integr. characteristic curves > Supporting points of the characteristic curve 3 > X value;0 to 100;100 ;0.001;;;40378;2;S32;FIX3;RW 
Inverter.UtilCrvCfg.CrvPt3.XVal;Parameter;X values charact. curve 3;;System and device control > Inverter > Conf. of the grid integr. characteristic curves > Supporting points of the characteristic curve 3 > X value;0 to 100;100 ;0.001;;;40380;2;S32;FIX3;RW 
Inverter.UtilCrvCfg.CrvPt3.XVal;Parameter;X values charact. curve 3;;System and device control > Inverter > Conf. of the grid integr. characteristic curves > Supporting points of the characteristic curve 3 > X value;0 to 100;100 ;0.001;;;40382;2;S32;FIX3;RW 
Inverter.UtilCrvCfg.CrvPt3.XVal;Parameter;X values charact. curve 3;;System and device control > Inverter > Conf. of the grid integr. characteristic curves > Supporting points of the characteristic curve 3 > X value;0 to 100;100 ;0.001;;;40384;2;S32;FIX3;RW 
Inverter.UtilCrvCfg.CrvPt3.XVal;Parameter;X values charact. curve 3;;System and device control > Inverter > Conf. of the grid integr. characteristic curves > Supporting points of the characteristic curve 3 > X value;0 to 100;100 ;0.001;;;40386;2;S32;FIX3;RW 
Inverter.UtilCrvCfg.CrvPt3.XVal;Parameter;X values charact. curve 3;;System and device control > Inverter > Conf. of the grid integr. characteristic curves > Supporting points of the characteristic curve 3 > X value;0 to 100;100 ;0.001;;;40388;2;S32;FIX3;RW 
Inverter.UtilCrvCfg.CrvPt3.XVal;Parameter;X values charact. curve 3;;System and device control > Inverter > Conf. of the grid integr. characteristic curves > Supporting points of the characteristic curve 3 > X value;0 to 100;100 ;0.001;;;40390;2;S32;FIX3;RW 
Inverter.UtilCrvCfg.CrvPt3.XVal;Parameter;X values charact. curve 3;;System and device control > Inverter > Conf. of the grid integr. characteristic curves > Supporting points of the characteristic curve 3 > X value;0 to 100;100 ;0.001;;;40392;2;S32;FIX3;RW 
Inverter.UtilCrvCfg.CrvPt3.YVal;Parameter;Y values charact. curve 3;;System and device control > Inverter > Conf. of the grid integr. characteristic curves > Supporting points of the characteristic curve 3 > Y value;−1 to +1;1 ;0.001;;;40402;2;S32;FIX3;RW 
Inverter.UtilCrvCfg.CrvPt3.YVal;Parameter;Y values charact. curve 3;;System and device control > Inverter > Conf. of the grid integr. characteristic curves > Supporting points of the characteristic curve 3 > Y value;−1 to +1;1 ;0.001;;;40404;2;S32;FIX3;RW 
Inverter.UtilCrvCfg.CrvPt3.YVal;Parameter;Y values charact. curve 3;;System and device control > Inverter > Conf. of the grid integr. characteristic curves > Supporting points of the characteristic curve 3 > Y value;−1 to +1;1 ;0.001;;;40406;2;S32;FIX3;RW 
Inverter.UtilCrvCfg.CrvPt3.YVal;Parameter;Y values charact. curve 3;;System and device control > Inverter > Conf. of the grid integr. characteristic curves > Supporting points of the characteristic curve 3 > Y value;−1 to +1;1 ;0.001;;;40408;2;S32;FIX3;RW 
Inverter.UtilCrvCfg.CrvPt3.YVal;Parameter;Y values charact. curve 3;;System and device control > Inverter > Conf. of the grid integr. characteristic curves > Supporting points of the characteristic curve 3 > Y value;−1 to +1;1 ;0.001;;;40410;2;S32;FIX3;RW 
Inverter.UtilCrvCfg.CrvPt3.YVal;Parameter;Y values charact. curve 3;;System and device control > Inverter > Conf. of the grid integr. characteristic curves > Supporting points of the characteristic curve 3 > Y value;−1 to +1;1 ;0.001;;;40412;2;S32;FIX3;RW 
Inverter.UtilCrvCfg.CrvPt3.YVal;Parameter;Y values charact. curve 3;;System and device control > Inverter > Conf. of the grid integr. characteristic curves > Supporting points of the characteristic curve 3 > Y value;−1 to +1;1 ;0.001;;;40414;2;S32;FIX3;RW 
Inverter.UtilCrvCfg.CrvPt3.YVal;Parameter;Y values charact. curve 3;;System and device control > Inverter > Conf. of the grid integr. characteristic curves > Supporting points of the characteristic curve 3 > Y value;−1 to +1;1 ;0.001;;;40416;2;S32;FIX3;RW 
Inverter.VALim;Parameter;Maximum apparent power device;;Device > Inverter > Maximum apparent power;0 VA to 10000 VA;5000 VA;1;‒;-;40185;2;U32;FIX0;RO
Inverter.VAMax;Parameter;Currently set apparent power limit;;Device > Inverter > Currently set apparent power limit;0 VA to 10050 VA;5000 VA;1;;-;40195;2;U32;FIX0;RW 
Inverter.VArLimQ1;Parameter;Maximum achievable reactive power quadrant 1;;Device > Inverter > Maximum achievable reactive power quadrant 1;0 VAr to 10000 VAr;5000 VAr;1;‒;-;41001;2;S32;FIX0;RO
Inverter.VArLimQ4;Parameter;Maximum achievable reactive power quadrant 4;;Device > Inverter > Maximum achievable reactive power quadrant 4;0 VAr to 10000 VAr;5000 VAr;1;‒;-;41007;2;S32;FIX0;RO
Inverter.VArModCfg.PFCtlComCfg.PF;Sollwert;External cos φ setpoint specification, cos φ setpoint for active power output;-;-;-;‒;0.0001;;-;40024;1;U16;FIX4;WO
Inverter.VArModCfg.PFCtlComCfg.PFEEI;Sollwert;Setpoint cos(phi) as per EEI convention;-;-;-;‒;0.0001;;-;40999;2;S32;FIX4;WO
Inverter.VArModCfg.PFCtlComCfg.PFEEI;Sollwert;Setpoint cos(phi) as per EEI convention;;-;-;‒;0.0001;;-;41257;2;S32;FIX4;RW
Inverter.VArModCfg.PFCtlComCfg.PFExt;Sollwert;External cos φ setpoint specification, excitation type for active power output;-;-;1041: Overexcited (OvExt)1042: Underexcited (UnExt);2;‒;;-;40025;2;U32;TAGLIST;WO
Inverter.VArModCfg.VArMod;Parameter;Operating mode of static voltage stability, configuration of static voltage stability;;System and device control > Inverter > Reactive power mode > Operating mode of static voltage stabilization;303: Off (Off)1069: Q(V) characteristic curve (VArCtlVol)1070: Q, manual setting in % (VArCnstNom)1071: Q, manual setting in VAr (VArCnst)1072: Q, external setting (VArCtlCom)1074: cos φ, manual setting (PFCnst)1075: cos φ, external setting (PFCtlCom)1076: cos φ(P) charac. curve (PFCtlW);1;‒;;;30825;2;U32;TAGLIST;RO
Inverter.VArModCfg.VArMod;Parameter;Operating mode of static voltage stability, configuration of static voltage stability;;System and device control > Inverter > Reactive power mode > Operating mode of static voltage stabilization;303: Off (Off)1069: Q(V) characteristic curve (VArCtlVol)1070: Q, manual setting in % (VArCnstNom)1071: Q, manual setting in VAr (VArCnst)1072: Q, external setting (VArCtlCom)1074: cos φ, manual setting (PFCnst)1075: cos φ, external setting (PFCtlCom)1076: cos φ(P) charac. curve (PFCtlW);1;‒;;;40200;2;U32;TAGLIST;RW 
Inverter.VArModCfg.VArCnstCfg.VAr;Parameter;Manual reactive power setting for active power output;;System and device control > Inverter > Reactive power mode > Manual reactive power setting for active power output > Reactive power;−6000 VAr to +6000 VAr;0 VAr;1;;;30827;2;S32;FIX0;RO
Inverter.VArModCfg.VArCnstCfg.VAr;Parameter;Manual reactive power setting for active power output;;System and device control > Inverter > Reactive power mode > Manual reactive power setting for active power output > Reactive power;−6000 VAr to +6000 VAr;0 VAr;1;;;40202;2;S32;FIX0;RW 
Inverter.VArModCfg.VArCnstCfg.VArNom;Parameter;Manual reactive power setting for active power output;;System and device control > Inverter > Reactive power mode > Manual reactive power setting for active power output > Reactive power;−60 % to +60 %;0 %;0.1;;;30829;2;S32;FIX1;RO
Inverter.VArModCfg.VArCnstCfg.VArNom;Parameter;Manual reactive power setting for active power output;;System and device control > Inverter > Reactive power mode > Manual reactive power setting for active power output > Reactive power;−60 % to +60 %;0 %;0.1;;;40204;2;S32;FIX1;RW 
Inverter.VArModCfg.VArCtlComCfg.VArNom;Sollwert;Standardized reactive power setpoint by system control;-;-;-;‒;0.1;;-;40015;1;S16;FIX1;WO
Inverter.VArModCfg.VArCtlComCfg.VArNomPrc;Sollwert;Extern. reactive power mode;-;-;-;‒;0.01;;-;40022;1;S16;FIX2;WO
Inverter.VArModCfg.VArCtlComCfg.VArNomPrc;Sollwert;Extern. reactive power mode;;-;-;‒;0.01;;-;41256;1;S16;FIX2;RW
Inverter.WGraMpp;Parameter;Increase rate in case of insolation change;;System and device control > Inverter > Increase rate in case of insolation change;10 %/min to 10000 %/min;6000 %/min;1;;;41201;2;U32;FIX0;RW 
Inverter.WGraMpp;Parameter;Increase rate in case of insolation change;;System and device control > Inverter > Increase rate in case of insolation change;10 %/min to 10000 %/min;6000 %/min;1;;;44023;2;U32;FIX0;RW 
Inverter.WLim;Parameter;Rated active power WMaxOutRtg;;Device > Inverter > Maximum active power;0 W to 10000 W;6000 W;1;‒;-;30231;2;U32;FIX0;RO
Inverter.WMax;Parameter;Set active power limit;;Device > Inverter > Maximum active power output;0 W to 10050 W;6000 W;1;;-;30233;2;U32;FIX0;RO
Inverter.WMax;Parameter;Set active power limit;;Device > Inverter > Maximum active power output;0 W to 10050 W;6000 W;1;;-;40915;2;U32;FIX0;RW 
Inverter.WModCfg.WCnstCfg.W;Parameter;Active power limitation P, active power configuration;;System and device control > Inverter > Active power mode > Manual setting > Active power;0 W to 10000 W;6000 W;1;;;30837;2;U32;FIX0;RO
Inverter.WModCfg.WCnstCfg.W;Parameter;Active power limitation P, active power configuration;;System and device control > Inverter > Active power mode > Manual setting > Active power;0 W to 10000 W;6000 W;1;;;40212;2;U32;FIX0;RW 
Inverter.WModCfg.WCnstCfg.WNom;Parameter;Active power limitation P, active power configuration;;System and device control > Inverter > Active power mode > Manual setting > Standardized active power;0 % to 100 %;100 %;1;;;30839;2;U32;FIX0;RO
Inverter.WModCfg.WCnstCfg.WNom;Parameter;Active power limitation P, active power configuration;;System and device control > Inverter > Active power mode > Manual setting > Standardized active power;0 % to 100 %;100 %;1;;;40214;2;U32;FIX0;RW 
Inverter.WModCfg.WCtlComCfg.W;Sollwert;Active power limitation by PV system control;;-;-;‒;1;;-;44493;2;S32;FIX0;RW 
Inverter.WModCfg.WCtlComCfg.WNom;Sollwert;Normalized active power limitation by PV system control;-;-;-;‒;1;;-;40016;1;S16;FIX0;WO
Inverter.WModCfg.WCtlComCfg.WNomPrc;Sollwert;Normalized active power limitation by PV system control;-;-;-;‒;0.01;;-;40023;1;S16;FIX2;WO
Inverter.WModCfg.WCtlComCfg.WNomPrc;Sollwert;Normalized active power limitation by PV system control;;-;-;‒;0.01;;-;41255;1;S16;FIX2;RW
Inverter.WModCfg.WCtlComCfg.Dyn.WGraEna;Parameter;External active power setting, limitation of change rate;;System and device control > Inverter > Active power mode > External setting > Dynamics > Limitation of change rate;303: Off (Off)308: On (On);1;‒;;;44029;2;U32;TAGLIST;RW 
Inverter.WModCfg.WCtlComCfg.Dyn.WGraPos;Parameter;External active power setting, increase rate;;System and device control > Inverter > Active power mode > External setting > Dynamics > Increase rate;0,05 %/s to 100 %/s;20 %/s;0.01;;;44031;2;U32;FIX2;RW 
Inverter.WModCfg.WCtlComCfg.Dyn.WGraNeg;Parameter;External active power setting, decrease rate;;System and device control > Inverter > Active power mode > External setting > Dynamics > Decrease rate;0,05 %/s to 100 %/s;20 %/s;0.01;;;44033;2;U32;FIX2;RW 
Inverter.WModCfg.WMod;Parameter;Operating mode active power setting;;System and device control > Inverter > Active power mode > Operating mode active power setting;303: Off (Off)1077: Manual setting in W (WCnst)1078: Manual setting in % (WCnstNom)1079: External setting (WCtlCom);4;‒;;;30835;2;U32;TAGLIST;RO
Inverter.WModCfg.WMod;Parameter;Operating mode active power setting;;System and device control > Inverter > Active power mode > Operating mode active power setting;303: Off (Off)1077: Manual setting in W (WCnst)1078: Manual setting in % (WCnstNom)1079: External setting (WCtlCom);4;‒;;;40210;2;U32;TAGLIST;RW 
Inverter.WCtlHzModCfg.WCtlHzCfg.HystEna;Parameter;Activation of stay-set indicator function, linear instantaneous power gradient configuration;;System and device control > Inverter > Frequency-dependent active power adapt. P(f) > P(f) characteristic curve > Activation of stay-set indicator function;303: Off (Off)308: On (On);2;‒;;;40240;2;U32;TAGLIST;RW 
Inverter.WCtlHzModCfg.WCtlHzCfg.HzStop;Parameter;Difference between reset frequency and grid frequency, linear instantaneous power gradient configuration;;System and device control > Inverter > Frequency-dependent active power adapt. P(f) > P(f) characteristic curve > Difference between reset frequency and grid freq.;0 Hz to 5 Hz;‒;0.01;;;40220;2;U32;FIX2;RW 
Inverter.WCtlHzModCfg.WCtlHzCfg.HzStopWGra;Parameter;P(f), active power change rate after fault end;;System and device control > Inverter > Frequency-dependent active power adapt. P(f) > P(f) characteristic curve > Active power change rate after fault end;0 %/min to 100 %/min;‒;1;;;40242;2;U32;FIX0;RW 
Inverter.WCtlHzModCfg.WCtlHzCfg.HzStr;Parameter;Difference between starting frequency and grid frequency, linear instantaneous power gradient configuration;;System and device control > Inverter > Frequency-dependent active power adapt. P(f) > P(f) characteristic curve > Difference between starting freq. and grid freq.;0 Hz to 5 Hz;‒;0.01;;;40218;2;U32;FIX2;RW 
Inverter.WCtlHzModCfg.WCtlHzCfg.WGra;Parameter;Active power gradient, linear instantaneous power gradient configuration;;System and device control > Inverter > Frequency-dependent active power adapt. P(f) > P(f) characteristic curve > Active power gradient;0 % to 100 %;‒;1;;;40238;2;U32;FIX0;RW 
Inverter.CtlComCfg.WCtlCom.CtlComMssMod;Parameter;External active power setting, fallback behavior;;System and device control > Inverter > System control and fallback behavior > External setting > Fallback behavior;2506: Values maintained (UsStp)2507: Apply fallback values (UsFlb);1;‒;;-;41193;2;U32;TAGLIST;RW 
Inverter.CtlComCfg.WCtlCom.TmsOut;Parameter;External active power setting, timeout;;System and device control > Inverter > System control and fallback behavior > External setting > Timeout;5 s to 32400 s;600 s;1;;-;41195;2;U32;Dauer;RW 
Inverter.CtlComCfg.WCtlCom.FlbWNom;Parameter;Fallback active power limit P in % of WMax for absent active power limit;;System and device control > Inverter > System control and fallback behavior > External setting > Fallback active power P;0 % to 100 %;100 %;0.01;;-;41197;2;U32;FIX2;RW 
Inverter.CtlComCfg.VArCtlCom.CtlComMssMod;Parameter;External reactive power setting, fallback behavior;;System and device control > Inverter > System control and fallback behavior > Q, external setting > Fallback behavior;2506: Values maintained (UsStp)2507: Apply fallback values (UsFlb);1;‒;;-;41219;2;U32;TAGLIST;RW 
Inverter.CtlComCfg.VArCtlCom.TmsOut;Parameter;External reactive power setting, timeout;;System and device control > Inverter > System control and fallback behavior > Q, external setting > Timeout;5 s to 32400 s;600 s;1;;-;41221;2;U32;Dauer;RW 
Inverter.CtlComCfg.VArCtlCom.FlbVArNom;Parameter;External reactive power setting, fallback value;;System and device control > Inverter > System control and fallback behavior > Q, external setting > Fallback value of reactive power setting;−60 % to +60 %;0 %;0.01;;-;41223;2;S32;FIX2;RW 
Inverter.CtlComCfg.PFCtlCom.CtlComMssMod;Parameter;External cos φ setting, fallback behavior;;System and device control > Inverter > System control and fallback behavior > cos φ, external setting > Fallback behavior;2506: Values maintained (UsStp)2507: Apply fallback values (UsFlb);1;‒;;-;41225;2;U32;TAGLIST;RW 
Inverter.CtlComCfg.PFCtlCom.CtlComMssMod;Parameter;External cos φ setting, fallback behavior;;System and device control > Inverter > System control and fallback behavior > cos φ, external setting > Fallback behavior;2506: Values maintained (UsStp)2507: Apply fallback values (UsFlb);1;‒;;-;44097;2;U32;TAGLIST;RW 
Inverter.CtlComCfg.PFCtlCom.TmsOut;Parameter;External cos φ setting, timeout;;System and device control > Inverter > System control and fallback behavior > cos φ, external setting > Timeout;5 s to 32400 s;600 s;1;;-;41227;2;U32;Dauer;RW 
Inverter.CtlComCfg.PFCtlCom.TmsOut;Parameter;External cos φ setting, timeout;;System and device control > Inverter > System control and fallback behavior > cos φ, external setting > Timeout;5 s to 32400 s;600 s;1;;-;44099;2;U32;Dauer;RW 
Inverter.CtlComCfg.PFCtlCom.FlbPF;Parameter;External cos φ setpoint specification, fallback value of cos φ for active power output;;System and device control > Inverter > System control and fallback behavior > cos φ, external setting > Fallback value of cos φ for active power output;0,8 to 1;1 ;0.0001;;-;41229;2;S32;FIX4;RW 
Inverter.CtlComCfg.PFCtlCom.FlbPFExt;Parameter;External cos φ setpoint specification, fallback value of the excitation type for active power output;;System and device control > Inverter > System control and fallback behavior > cos φ, external setting > Fallback value of the excitation type for active power output;1041: Overexcited (OvExt)1042: Underexcited (UnExt);2;‒;;-;41435;2;U32;TAGLIST;RW 
Inverter.WModCfg.WCtlVolCfg.Ena;Parameter;P(V), activation;;System and device control > Inverter > Active power mode > Voltage-dependent active power adjustment P(V) > Activation;303: Off (Off)308: On (On);1;‒;;;44043;2;U32;TAGLIST;RW 
Inverter.WModCfg.WCtlVolCfg.WRefMod;Parameter;P(V), type of reference active power;;System and device control > Inverter > Active power mode > Voltage-dependent active power adjustment P(V) > Type of reference voltage;4405: Maximum active power WMax (WMaxInOut)4443: Current power (WSnpt);1;‒;;;44047;2;U32;TAGLIST;RW 
Inverter.WModCfg.WCtlVolCfg.Crv.NumPt;Parameter;P(V), number of points used;;System and device control > Inverter > Active power mode > Voltage-dependent active power adjustment P(V) > Characteristic > Number of support points to be used;0 to 8;2 ;1;;;44049;2;U32;FIX0;RW 
Inverter.WModCfg.WCtlVolCfg.WGraPos;Parameter;P(V), increase rate;;System and device control > Inverter > Active power mode > Voltage-dependent active power adjustment P(V) > Increase rate;0,100000 %/s to 1000 %/s;20 %/s;0.01;;;44089;2;U32;FIX2;RW 
Inverter.WModCfg.WCtlVolCfg.WGraNeg;Parameter;P(V), decrease rate;;System and device control > Inverter > Active power mode > Voltage-dependent active power adjustment P(V) > Decrease rate;0,100000 %/s to 1000 %/s;20 %/s;0.01;;;44091;2;U32;FIX2;RW 
Inverter.WCtlHzModCfg.WCtlHzMod;Parameter;Operating mode of active power reduction in case of overfrequency P(f);;System and device control > Inverter > Frequency-dependent active power adapt. P(f) > Operating mode active power red., overfreq. P(f);303: Off (Off)1132: Frequency-dependent active power adapt. P(f) (WCtlHz);2;‒;;;40216;2;U32;TAGLIST;RW 
Inverter.VArModCfg.PFCtlWCfg.PFExtStr;Parameter;Excit. type at start point, cos φ(P) char. conf.;;System and device control > Inverter > Reactive power mode > cos φ(P) charac. curve > Excitation type at starting point;1041: Overexcited (OvExt)1042: Underexcited (UnExt);1;‒;;;40224;2;U32;TAGLIST;RW 
Inverter.VArModCfg.PFCtlWCfg.PFStr;Parameter;cos φ at start point, cos φ(P) char. config.;;System and device control > Inverter > Reactive power mode > cos φ(P) charac. curve > cos φ of start point;0,8 to 1;1 ;0.01;;;40222;2;U32;FIX2;RW 
Inverter.VArModCfg.PFCtlWCfg.WNomStr;Parameter;Act. power at start point, cos φ(P) char. config.;;System and device control > Inverter > Reactive power mode > cos φ(P) charac. curve > Active power at starting point;0 % to 100 %;50 %;1;;;40230;2;U32;FIX0;RW 
Inverter.VArModCfg.PFCtlWCfg.PFExtStop;Parameter;Excit. type at end point, cos φ(P) char. config.;;System and device control > Inverter > Reactive power mode > cos φ(P) charac. curve > Excitation type at end point;1041: Overexcited (OvExt)1042: Underexcited (UnExt);2;‒;;;40228;2;U32;TAGLIST;RW 
Inverter.VArModCfg.PFCtlWCfg.PFStop;Parameter;cos φ at end point, cos φ(P) char. config.;;System and device control > Inverter > Reactive power mode > cos φ(P) charac. curve > cos φ of end point;0,8 to 1;0.95 ;0.01;;;40226;2;U32;FIX2;RW 
Inverter.VArModCfg.PFCtlWCfg.WNomStop;Parameter;Act. power at end point, cos φ(P) char. config.;;System and device control > Inverter > Reactive power mode > cos φ(P) charac. curve > Active power at end point;0 % to 100 %;100 %;1;;;40232;2;U32;FIX0;RW 
Inverter.VArModCfg.PFCtlWCfg.Dyn.VArGraPos;Parameter;cos φ(P), increase rate;;System and device control > Inverter > Reactive power mode > cos φ(P) charac. curve > Dynamics > Increase rate;1 %/s to 10000 %/s;1200 %/s;0.01;;;44249;2;U32;FIX2;RW 
Inverter.VArModCfg.PFCtlWCfg.Dyn.VArGraNeg;Parameter;cos φ(P), decrease rate;;System and device control > Inverter > Reactive power mode > cos φ(P) charac. curve > Dynamics > Decrease rate;1 %/s to 10000 %/s;1200 %/s;0.01;;;44251;2;U32;FIX2;RW 
Inverter.VArModCfg.VArCtlVolCfg.Crv.NumPt;Parameter;Q(V), number of support points to be used;;System and device control > Inverter > Reactive power mode > Q(V) characteristic curve > Characteristic > Number of support points to be used;0 to 8;4 ;1;;;44191;2;U32;FIX0;RW 
Inverter.VArModCfg.VArCtlVolCfg.Dyn.VArGraPos;Parameter;Q(V), increase rate;;System and device control > Inverter > Reactive power mode > Q(V) characteristic curve > Dynamics > Increase rate;1 %/s to 10000 %/s;100 %/s;0.01;;;44205;2;U32;FIX2;RW 
Inverter.VArModCfg.VArCtlVolCfg.Dyn.VArGraNeg;Parameter;Q(V), decrease rate;;System and device control > Inverter > Reactive power mode > Q(V) characteristic curve > Dynamics > Decrease rate;1 %/s to 10000 %/s;100 %/s;0.01;;;44207;2;U32;FIX2;RW 
Inverter.VArModCfg.VArCtlVolCfg.VArGraNom;Parameter;Reactive power gradient, reactive power/voltage characteristic curve configuration Q(V);;System and device control > Inverter > Reactive power mode > Q(V) characteristic curve > Reactive power gradient;0 % to 10 %;0 %;0.1;;;40490;2;U32;FIX1;RW 
Isolation.FltA;Measured value;Residual current;;DC Side > Insulation monitoring > Residual current;-;‒;0.001;‒;-;31247;2;S32;FIX3;RO
Isolation.LeakRis;Measured value;Insulation resistance;;DC Side > Insulation monitoring > Insulation resistance;-;‒;1;‒;-;30225;2;U32;FIX0;RO
Nameplate.ARtg;Parameter;Nominal current of all phases;;Type Label > Type Label > Nominal current;0,0 A to 4294967 A;0 A;0.001;‒;-;40480;2;U32;FIX3;RO
Nameplate.Bat.Vendor;Parameter;Battery manufacturer;;Type Label > Type Label > Battery > Manufacturer;2340: LG Chem (LGChem)8605: Tesla (Tesla)8620: BYD (BYD)16777213: Information not available (NaNStt);4;‒;‒;-;31377;2;U32;TAGLIST;RO
Nameplate.CmpBMS.SwRev;Parameter;BMS firmware version;;Device Components > Type Label > Battery management system > Software version;0 to 4294967295;4294967295 ;1;‒;-;31389;2;U32;FW;RO
Nameplate.CmpBMS.Typ;Parameter;BMS type;;Device Components > Type Label > Battery management system > Type;4333: Battery type not specified (BatTypNotCfg)8610: RESU-10H (RESU-10.0)8623: RESU-7H (RESU-7.0)8628: Hyperion (3 - 6) (HYPN-3-6)8629: era:powerbase 7.5 - 15 HV (ERA-PBS7_5_15HV)8630: AXIstorage Li SH 3 – 6 Powerpack (AX_PWRPCK_3_6)8634: RESU-10M (RESU-10M)8636: RESU16H Prim (RESU-16H_Prime)8638: RESU10H Prime (RESU-10H_Prime)19033: SBG4-2A (SBG4_12A)19034: SBT3-12A (SBT3_12A)19045: Battery-Box Premium HVM (BatBoxPremHVM)19046: Battery-Box Premium HVS (BatBoxPremHVS)19073: Battery-Box Premium HVL (BatBoxPremHVL);1;‒;‒;-;31379;2;U32;TAGLIST;RO
Nameplate.CmpMain.SwRev;Parameter;Firmware version of the main processor;;Device Components > Type Label > Main processor > Software version;0 to 4294967295;0 ;1;‒;-;40063;2;U32;FW;RO
Nameplate.ComRev;Parameter;Communication version;;Type Label > Type Label > Communication version;0 to 4294967294;0 ;1;‒;-;40789;2;U32;REV;RO
Nameplate.Location;Parameter;‒;-;-;-;‒;‒;;-;40631;12;STR32;UTF8;RW 
Nameplate.MainModel;Parameter;Device class;;Type Label > Type Label > Device class;8009: Hybrid inverter (DevClss9);1;‒;‒;-;30051;2;U32;TAGLIST;RO
Nameplate.Model;Parameter;Device type;;Type Label > Type Label > Device type;19048: SUNNY TRIPOWER 5.0 SE (STP5.0-3SE-40)19049: SUNNY TRIPOWER 6.0 SE (STP6.0-3SE-40)19050: SUNNY TRIPOWER 8.0 SE (STP8.0-3SE-40)19051: SUNNY TRIPOWER 10.0 SE (STP10.0-3SE-40);2;‒;‒;-;30053;2;U32;TAGLIST;RO
Nameplate.SerNum;Parameter;Serial number;;Type Label > Type Label > Serial number;0 to 4294967294;0 ;1;‒;-;30057;2;U32;RAW;RO
Nameplate.SerNum;Parameter;Serial number;;Type Label > Type Label > Serial number;0 to 4294967294;0 ;1;‒;-;40067;2;U32;RAW;RO
Operation.Bat.Health;Measured value;Battery status;;Status > Operation > Battery > Condition;35: Fault (Alm)303: Off (Off)307: Ok (Ok)455: Warning (Wrn)16777213: Information not available (NaNStt);‒;‒;‒;-;31391;2;U32;TAGLIST;RO
Operation.Evt.EvtNo;Measured value;Current event number for manufacturer;;Status > Operation > Current event > Event number manufacturer;;‒;1;‒;-;30247;2;U32;FIX0;RO
Operation.GriSwStt;Measured value;Grid relay/contactor;;Status > Operation > Grid relay status;51: Closed (Cls)311: Open (Opn)16777213: Information not available (NaNStt);‒;‒;‒;-;30217;2;U32;TAGLIST;RO
Operation.OpStt;Measured value;General operating status;;Status > Operation > General operating status;303: Off (Off)569: Activated (Run)1295: Standby (Stdby)1795: Bolted (Lok)16777213: Information not available (NaNStt);‒;‒;‒;-;40029;2;U32;TAGLIST;RO
Operation.OpMod;Parameter;General operating mode;;Device > Operation > General operating mode;381: Stop (Stop)1467: Start (Str);1;‒;;-;40009;2;U32;TAGLIST;RW 
Operation.PvGriConn;Measured value;Plant mains connection;;AC Side > Operation > Mains connection;1779: Separated (Dscon)1780: Public electricity mains (PubGri)1781: Island mains (IsoGri)16777213: Information not available (NaNStt);‒;‒;‒;-;30881;2;U32;TAGLIST;RO
Operation.RunStt;Measured value;Operating status;;Status > Operation > Operating status;235: Parallel grid operation (GriOp)1463: Backup (Bck)1469: Shut down (Shtdwn)2119: Derating (Drt)16777213: Information not available (NaNStt);‒;‒;‒;-;33003;2;U32;TAGLIST;RO
Operation.RstrLokStt;Measured value;Block status;;Status > Operation > Block status;257: Frequency not permitted (HzFlt)1655: Electric arc detected (EvtAfci)1690: Fast shut-down (FstStop)2386: Overvoltage (OvVol)2387: Undervoltage (UnVol)2388: Overfrequency (OvHz)2389: Underfrequency (UnHz)2390: Passive islanding detection (PID)2490: Phase loss (PLD)3165: PLL error (PLL)3166: Phase loss on low voltage side (PLDLoVol)3167: Active islanding detection (ActIsldDet)4553: After fault current (ManRstrRCD)4570: Wait for enable operation (WaitStr)16777213: Information not available (NaNStt);‒;‒;‒;-;30251;2;U32;TAGLIST;RO
Operation.ValRsIstl;Parameter;Reset operating data;;Device > Operation > Reset operating data;237: Counter grid connections (GriSwCnt)353: Reset events (RsEvtCnt)355: Reset energy logger (RsTotWhLog)409: Operating time (TotOpTms)411: Feed-in time (TotFeedTms)418: Total yield (TotWhOut)568: Execute all (DoAll)720: Reset network parameter (NetwParaRs);-;‒;;-;44021;2;U32;FUNKTION_SEC;RW 
PCC.WMax;Parameter;Set active power limit at grid connection point;;System and device control > Grid connection point > Maximum active power output;0 W to 500000 W;‒;1;;-;41217;2;U32;FIX0;RW 
PCC.WMaxNom;Parameter;Set active power limit at grid connection point;;System and device control > Grid connection point > Set active power limit;0 % to 100 %;100 %;1;;-;41199;2;U32;FIX0;RW 
Plnt.DcWRtg;Parameter;Nominal PV system power;;DC Side > PV system > Nominal power;0 W to 50000 W;6000 W;1;;-;41203;2;U32;FIX0;RW 
-;Messwert;Versionsnummer SMA Modbus-Profil;-;-;-;-;-;-;-;30001;2;U32;RAW;RO
Nameplate.SusyId;Messwert;SUSyID Modul;-;-;-;-;-;-;-;30003;2;U32;RAW;RO
Nameplate.SerNum;Messwert;Seriennummer;-;-;-;-;-;-;-;30005;2;U32;RAW;RO
-;Messwert;Unit ID des Wechselrichters;-;-;-;-;-;-;-;42109;4;U64;RAW;RW
-;Messwert;SMA Grid Guard-Code;-;-;-;-;-;-;-;43090;2;U32;FIX0;RW
Nameplate.Vendor;Messwert;Hersteller;-;-;-;-;-;-;-;30055;2;U32;TAGLIST;RO
DtTm.Tm;Messwert;Systemzeit;-;-;-;-;-;-;-;30193;2;U32;DT;RO
